date,npp,photo,ar,evapm,cleaf,cwood,croot,csap,cheart,csto
1979-01,1.786567968467113,2.5743160593794507,0.8337826118485241,1.6597844540888804,0.2621762850941884,34.44191255031931,0.34520300411978183,3.872882758335613,30.56902979198369,23.730998425826026
1979-02,1.693811851593232,2.397023172411454,0.7477547850668698,1.8374119906072264,0.22634437713976638,32.41185225825485,0.29924901018123445,3.3688556085727916,29.04299664968205,24.910150532071334
1979-03,1.8306222408294262,2.657149993167375,0.8767763023771904,1.4999242207941703,0.27951653960668005,32.62182745025547,0.36887472248322806,4.101745144927869,28.520082305327602,22.363378512090257
1979-04,1.7248214654815575,2.4256319579881573,0.7431512424086228,1.7478128951417562,0.22975609394752392,30.470690827366404,0.30292410646173135,3.3764669404066696,27.09422388695974,25.274793189936783
1979-05,1.5788095925439185,2.4469233688362113,0.9499124746710345,1.6569043918022155,0.27251427377658755,33.35517240232789,0.36378562972806494,4.29862745854813,29.056544943779752,20.538589129868832
1979-06,1.5901138178394898,2.3530179818930117,0.8333683739494184,1.7142933922525099,0.2495066798014152,31.777212658488075,0.33183743211822736,3.795584239387268,27.981628419100808,20.875108414147395
1979-07,1.641075174768652,2.519872827667952,0.9494122821721945,1.7201968374207084,0.2775037819653864,34.69000317752978,0.36912280169755146,4.350687390293626,30.339315787236153,19.77017455314209
1979-08,1.645685824788665,2.482109229733948,0.8980032893682476,1.8638607332720927,0.25660881473307895,34.98085991804587,0.3403462113311736,4.037566089454276,30.943293828591596,20.96618712225522
1979-09,1.8611219771502518,2.668779101574738,0.8467500381799948,1.8131543305867976,0.2575507968061967,35.27191779035538,0.3388411391456209,3.857395418590954,31.41452237176443,23.086859907223694
1979-10,1.711827257465167,2.399579430245952,0.7411238374673395,1.9748527954016895,0.22430457781188196,31.72065508916992,0.29697323673575865,3.2342235027511257,28.4864315864188,25.343687362642854
1979-11,1.7904992129890474,2.7067440050874536,0.979352207019429,1.7253465506631345,0.2841436210233336,36.223987467346774,0.3766662240842805,4.458605328295416,31.765382139051358,21.595403565883664
1979-12,1.8880260577523917,2.6330604098354917,0.7861513479139337,1.6911784091572613,0.2467426129257333,33.248233639061056,0.32442940890828253,3.5719817113877443,29.676251927673317,25.903213151490245
1980-01,1.7610329559841746,2.4406663786386065,0.7122228418007887,1.7351255808639123,0.23300098299711258,31.872265376073123,0.3062638760814865,3.2896239790129616,28.58264139706016,25.73309373576246
1980-02,1.5899361829627188,2.527256036595623,1.0465314723562913,1.8473941284310036,0.2830263146541152,34.594551557000436,0.3806402710905433,4.561989556704769,30.03256200029567,20.4127900060589
1980-03,1.829417642494229,2.678967224658186,0.8899132117525262,1.5562952915976078,0.2803530687622558,33.66668385612961,0.3689338603692101,4.11159957809751,29.5550842780321,22.096572980896294
1980-04,1.82713435521311,2.5286111045173008,0.736570395409707,1.6441707861226138,0.23535254848038042,31.383242729573308,0.3092593996085907,3.3782336115555682,28.005009118017746,26.02131121095983
1980-05,1.5664593727169343,2.349478049827014,0.8644216042278766,1.7315806985167599,0.25047298516279093,33.883803631350425,0.3339697638502448,3.901146033539229,29.982657597811194,22.4088804811127
1980-06,1.6807752197105945,2.498680435339764,0.8686418204585903,1.6602669933007186,0.26565084106840003,34.209518160981766,0.351229629707764,4.025673345055392,30.183844815926367,20.736699389061908
1980-07,1.6307883515773887,2.414539993879317,0.8539590992956335,1.7321012552167747,0.25667808209710097,32.8805382969119,0.3413241144839206,3.8239493379487794,29.056588958963125,21.30849222528482
1980-08,1.7719917096814275,2.6078324320572706,0.8899118051413953,1.7015779379863238,0.26471109566303486,35.54042590124103,0.3509464097378602,4.194626746279602,31.345799154961433,22.061553542256494
1980-09,1.8371956934397689,2.628172567322653,0.8487538948991967,1.7962021742654881,0.2583742025679406,34.65648002503104,0.3407054697080773,3.7925665204220946,30.863913504608945,24.280564277379252
1980-10,1.88520130705739,2.6552359471436517,0.8038139201244786,1.7720281653309176,0.24900488807954752,34.844844686970696,0.32772165973801093,3.71047981988779,31.13436486708291,25.524483011884016
1980-11,1.7763899806597157,2.5683945971105384,0.8643244344501048,1.755421560522024,0.2580514604222318,33.22885221402342,0.34365815317725545,3.823254928724847,29.405597285298573,24.634481317067074
1980-12,1.7773625966811604,2.5755230643281326,0.8359061492921618,1.7666688044887648,0.25414132899128633,32.900475658407814,0.3342667738889797,3.7461519518871578,29.15432370652065,24.32977674059806
1981-01,1.7709291201420525,2.622661824844964,0.9223102523479955,1.5480405190685016,0.27951727102449536,34.14233781375423,0.37130843599870283,4.313902609790397,29.828435203963835,22.58424904951092
1981-02,1.9425064705856396,2.6620243722176107,0.7438213030693624,1.5744223192037856,0.248796746673374,32.40757144079557,0.32524768519807845,3.4512020104830228,28.95636943031255,26.27909303743335
1981-03,1.7179373024550773,2.5063798153390957,0.8617779527559194,1.7495775489823482,0.2555442610254069,32.88681758866391,0.3405185496105252,3.7887620376622984,29.098055551001607,24.254477461638572
1981-04,1.7482727850762028,2.55380405177733,0.8505216320537027,1.6711433823249302,0.25901052952958953,34.91383611014223,0.34128946221655443,3.910457368532792,31.003378741609435,23.04034044481488
1981-05,1.643210553551339,2.3875797491801904,0.8065849994360547,1.7094863685873354,0.2433768752226805,33.975957434427364,0.3231519135212445,3.689418081880415,30.286539352546946,22.978911873775218
1981-06,1.5985034527386117,2.42197108792881,0.8984458122651486,1.7010609421623635,0.26679034754676256,34.16439024354773,0.3550393861235739,4.0897578485978325,30.074632394949905,20.123082432036288
1981-07,1.7199073044193707,2.4951014248568195,0.8308011393726163,1.6607958186655427,0.2615321309388015,32.966374944880236,0.3457538338074933,3.859969320964122,29.10640562391611,21.97066039164687
1981-08,1.8658405499035227,2.6694236415971675,0.8380416780249826,1.6652106695978928,0.26301433563813326,33.20067514898663,0.34579860134989754,3.933572491702614,29.267102657284013,23.373626584582023
1981-09,1.8747053309701027,2.5763362185451597,0.7475782649925583,1.7685902950519643,0.23378812676492008,30.91233326732912,0.30859252027362805,3.4553643850051357,27.456968882323984,26.901979246216793
1981-10,1.6868220462630459,2.5926779815408425,0.9941372445204465,1.911540175736941,0.27386787127713236,34.19872725162458,0.3657577581515682,4.292726744400094,29.906000507224487,22.776207157589962
1981-11,1.8432133067340075,2.6686439660082324,0.864485130852494,1.7260750595833263,0.26812988720874026,33.95360444019805,0.35265912048608333,3.9510365761209534,30.002567864077093,23.30357172883914
1981-12,1.8527123548052464,2.602284774726936,0.7892582951329673,1.8369740005800486,0.239223388528064,30.987655151671092,0.3152020468258377,3.4330214020465966,27.554633749624497,25.80847593613295
1982-01,1.6777581531520793,2.3768343027025582,0.7754478138365493,1.733721289228998,0.2358139562237073,30.636460645086213,0.3141645185356176,3.466741683595858,27.169718961490357,24.8019029929225
1982-02,1.8492663610287217,2.72845440596056,0.9290380037427813,1.5120855223202754,0.2923261133809993,33.89753874563786,0.3862633126908551,4.373004620352723,29.524534125285136,21.9025949668048
1982-03,1.8031281646146404,2.566118015720463,0.8143282164101332,1.652220267315343,0.2516414906225157,31.384152483538575,0.33313641198800154,3.73425901150107,27.649893472037505,24.730540777276698
1982-04,1.7915802261265854,2.600339275956786,0.8567483575573266,1.5451145558313577,0.2637460591142045,31.880558003865072,0.3483318435172376,3.987311279279295,27.893246724585776,23.72327332689006
1982-05,1.6713254028742799,2.4242758343576196,0.8167001429735046,1.6592343512141792,0.24625466831595447,31.88902217822219,0.32659603766664724,3.713130757709167,28.175891420513025,23.28227948356746
1982-06,1.599966678031108,2.3884384592007897,0.855109526795222,1.743298596240514,0.25767357455483053,32.79544507463929,0.34276380465425144,3.823234571905799,28.972210502733493,21.53837686281595
1982-07,1.6759867092548661,2.526343406706365,0.9111362707311704,1.6758025692911087,0.26945030336961606,35.2529804484471,0.3571327655522677,4.275514590487267,30.97746585795983,20.354499184425872
1982-08,1.7325787230509837,2.564705362229371,0.8979769381777555,1.7974485816479608,0.26576092161643994,34.184235471530506,0.3526008742848628,4.0491772859147,30.135058185615808,21.85372553064279
1982-09,1.6578692338443584,2.526035781377637,0.935786589972264,1.8399147315411235,0.2635877296862942,34.837972804599005,0.3506477756427884,4.319803170492529,30.51816963410648,21.112585295144562
1982-10,1.7650522377884639,2.644703148891261,0.9492952357762813,1.8510445494954086,0.27416176451595686,35.875312062578935,0.36430927470781327,4.123239493064935,31.752072569514,22.170543746676366
1982-11,1.7676902067433606,2.611568091300543,0.9032573102262025,1.8210498322423783,0.2615695914923692,35.38233970067536,0.3461955404291123,3.9783540051855533,31.403985695489805,23.23819371619153
1982-12,1.8883610261232897,2.6424176275316786,0.784870722449677,1.6513050321578417,0.2515512812814284,34.70190230911712,0.32966661144365345,3.628240167755432,31.0736621413617,25.084658754566455
1983-01,1.5881879966578043,2.366282225202655,0.8742051334784177,1.9489618787316683,0.24506774004283371,33.14839670165631,0.32905642213511194,3.8193064907143617,29.329090210941946,23.985233608385066
1983-02,1.718609869860171,2.626582069244723,0.9689068927707989,1.6863696445945122,0.2864389341776384,37.891521523926905,0.37917213714444264,4.539029497685201,33.35249202624171,20.01284865554763
1983-03,1.7768172347390365,2.521985898850141,0.7731080390824147,1.8402340149699858,0.23711053375106173,34.74619286545318,0.3109095927034563,3.433597548723905,31.31259531672928,23.789161621062945
1983-04,1.7080349363133753,2.4342932515438376,0.7861244928476395,1.7696514688496796,0.2401448027396142,32.46442565397122,0.3178267959389242,3.458012805761647,29.006412848209575,24.390919632994347
1983-05,1.5757589708749786,2.3970126685127915,0.8800741632862618,1.7804360546942912,0.25688374710089434,33.71559886801631,0.34111865007976944,4.0181325804166494,29.697466287599664,20.954411523011114
1983-06,1.621088584469978,2.424442492706432,0.8689775986417881,1.7036741650494343,0.26031625370417294,33.33210543235039,0.34598850108415197,3.956790463430238,29.375314968920154,20.659986546012824
1983-07,1.6732359521997238,2.4892656268189963,0.8798794189691571,1.733883529748669,0.25702706347472876,33.97149706909472,0.3409845374526631,4.0547332134943925,29.916763855600326,21.121182517161213
1983-08,1.827266735805379,2.625545608862642,0.848308785152826,1.6661594299683304,0.2644365983786854,33.015295439730046,0.34867700845544075,3.8720345008434323,29.143260938886606,23.233131958808528
1983-09,1.9034334104264943,2.683533394155267,0.8248139305620604,1.7418820713076402,0.25778361660698906,31.84738074149026,0.33956335221387574,3.6431942098769023,28.204186531613352,25.404186438316863
1983-10,1.9215543924684186,2.719688140629494,0.8482917852107491,1.661769316181059,0.2606903300663433,32.862740899948776,0.34476091824478977,3.8592779573393408,29.003462942609442,26.12370072038629
1983-11,1.870928164113856,2.724574803429102,0.9178214505614853,1.687887366763564,0.2709365761216415,35.26382324952958,0.3592804721668068,4.196063543619208,31.067759705910376,25.099186697788195
1983-12,1.8795112849252045,2.6280303159048186,0.7973036072610328,1.5830638284341585,0.25690394311844844,32.793329246913075,0.3390326880489975,3.6911469008438416,29.10218234606923,25.932677047188943
1984-01,1.799259796467906,2.528127807421624,0.776127199873931,1.641355686737889,0.24517034000339255,31.762768847872817,0.323336446867133,3.595027260296467,28.167741587576348,25.48953011761561
1984-02,1.8564835448117996,2.6283689568983424,0.8182271837062085,1.5630656153026437,0.26449368673122253,32.105349513462826,0.34949559188208945,3.797032668997918,28.30831684446491,24.752367940624367
1984-03,1.8049442057278762,2.58531101680254,0.8436587734551304,1.663932879221356,0.26104035209955684,30.979284738060464,0.3458660543383704,3.748241607228874,27.231043130831598,24.863762808754863
1984-04,1.6933798414465604,2.531943980200025,0.9101301783097383,1.574721232344726,0.26968834195493513,32.77733063836419,0.35841713153692006,4.276491860189294,28.500838778174902,22.6209821014183
1984-05,1.733020373987904,2.5074758790114164,0.8164136208074,1.5690190515523796,0.259433874737462,32.10803820696911,0.34201131765722975,3.7739368710031878,28.334101335965926,22.75908420630093
1984-06,1.6285688973969596,2.431700734539928,0.8694343124657837,1.6638039542003784,0.2550031720890856,31.430903642146507,0.3395783875207233,3.963716570271328,27.467187071875177,21.555014785422298
1984-07,1.782586906499079,2.611753581767393,0.8872186975178369,1.6064434250465685,0.2692499137216853,33.10960067471083,0.3563472057520706,4.152361453058402,28.95723922165243,21.810857063404875
1984-08,1.869503279053203,2.6761062722918454,0.8664478294773728,1.7102189071492462,0.26419985644212507,31.57121661332043,0.35022266980795563,3.8741360015872615,27.69708061173317,24.53444041489302
1984-09,1.8712620050199409,2.6532096684416695,0.8320002346414264,1.6928171112232882,0.26015118103216356,30.8557710002024,0.34358307701554247,3.743284036087616,27.112486964114783,25.559543466114732
1984-10,1.925869392531781,2.7306091709603235,0.8455437446621753,1.729382460035813,0.2581847036293184,33.04953995666808,0.339819944665244,3.8662016320266646,29.18333832464142,25.683819009688197
1984-11,1.7988718962814714,2.643186734446348,0.9153034567068226,1.7718554630742271,0.26646293168766194,33.86910146148732,0.35373107449439456,4.076534487207059,29.792566974280255,24.714561715442365
1984-12,1.8578868373481656,2.6850961820496857,0.8768677250866695,1.5975439452572875,0.2694574463310969,33.65370242075673,0.35613158385043236,4.011304035540442,29.64239838521629,24.146075312917084
1985-01,1.8274381375345994,2.5420787783056102,0.7628572072261959,1.7292243994623682,0.2366633654785838,30.63245268659076,0.3123980183273166,3.4019791381403044,27.23047354845046,26.14781234661862
1985-02,1.821090524920594,2.577395306452748,0.7991061902990094,1.649043787514381,0.253882726015575,30.825579438305915,0.33493377064470947,3.6554713424004395,27.170108095905476,24.898405506001804
1985-03,1.803478977864219,2.6042139769795454,0.8556433219630887,1.6903518857428337,0.26094543090357597,30.696171845324542,0.3453173817029238,3.835989146209777,26.860182699114763,24.266417612906235
1985-04,1.703305082693924,2.5389077832590985,0.9062759661198008,1.7135938821004317,0.2604944048194077,32.245937079758576,0.34656741998143126,4.178791153208942,28.06714592654964,22.968209724414656
1985-05,1.7286902893323375,2.5004615636869247,0.828976344953466,1.591326046891611,0.25796374560255664,30.905297589986166,0.3417813224980689,3.7421888711789952,27.163108718807173,23.132634666817737
1985-06,1.6978524465087683,2.453001769218659,0.8045646114637205,1.6155068519274236,0.25126243448261787,31.476876105248568,0.3317794098128609,3.738566842239901,27.738309263008667,22.3111922970836
1985-07,1.8365046094336803,2.5951766508041447,0.8093129343880452,1.627761669522887,0.25742475808964926,31.953850435552948,0.34008498254024333,3.720471765479837,28.23337867007311,23.89270696420044
1985-08,1.795544784034885,2.61020681429002,0.8796362227804091,1.7017338212167714,0.26874072478912064,32.21632619483104,0.35689594499255006,3.970887419598264,28.245438775232774,23.848295587996528
1985-09,1.8197350307195845,2.6694456974624927,0.9262504618233548,1.780156727632293,0.26710249285231696,32.33933871669867,0.3557064747925414,4.070944955394476,28.268393761304193,24.06500644408642
1985-10,1.830106445997265,2.7449231128415907,0.9725716960957306,1.7193425780472045,0.2865772619234725,33.555744182605316,0.3790924069771282,4.452359619786898,29.103384562818416,23.06625352175466
1985-11,1.9277822403189626,2.766203659547705,0.8924665013148477,1.6067509527837482,0.27428544646097064,32.790008087361734,0.3618105695480059,4.04928198985545,28.740726097506286,25.103202281938607
1985-12,1.924856883914244,2.6658657824748433,0.7819272728930237,1.5691400054736462,0.25216450039229543,30.434536796939668,0.33213089000954704,3.6001887478980605,26.83434804904161,26.957366837516062
1986-01,1.8783404207990901,2.6120395485185997,0.765849599835689,1.6130524261930066,0.25025598155891615,30.765356984298514,0.32867514055253266,3.5462109462283395,27.219146038070175,26.959716585454984
1986-02,1.7848801407344592,2.5727830622909087,0.8542333308222895,1.6124249575945802,0.26213528522993657,30.46453242806167,0.34750141157629294,3.9119831969012147,26.55254923116046,24.672720971168495
1986-03,1.8733181634493334,2.6548116809459175,0.8246947009581241,1.5610627436971636,0.26369963048091666,31.70657846658796,0.3475906525062457,3.814129824755072,27.892448641832893,24.6387668325935
1986-04,1.8062070534296957,2.5862807011244553,0.8365420334590314,1.6185878286092563,0.25473365141600696,31.54501064431859,0.33821432359168085,3.7798662424213934,27.7651444018972,24.974648063726992
1986-05,1.6250489763026708,2.453138343603402,0.9097497379334362,1.685280042697355,0.2630539499801665,32.511114752249135,0.35099228201610844,4.153371174053617,28.357743578195514,22.23340102256527
1986-06,1.7441592654538458,2.5847899760815696,0.8974807198263108,1.5406679902676534,0.27811590749900117,32.40253250169793,0.3679028656118366,4.135560608441087,28.266971893256834,21.489667721159453
1986-07,1.7822727073824722,2.550462812800065,0.8258472287801233,1.5709302874687112,0.2602789615194597,31.52124562993856,0.34446309474045417,3.770200214809435,27.75104541512912,22.805384359734088
1986-08,1.7446394673793066,2.6627073171393687,1.0012618582946704,1.8129345917147452,0.2789595081613968,34.8268834814697,0.3725269023173226,4.462541100599842,30.36434238086986,22.453896180624085
1986-09,1.8164914731272148,2.6534114920181033,0.8917250017860265,1.7030895123579244,0.26875101389665745,34.697039324618935,0.3551928088039451,4.108944022494176,30.588095302124763,23.41750643618957
1986-10,1.9366425397188938,2.724937749419384,0.8324076977805178,1.712443579662186,0.25647398863648796,33.316113221513454,0.3380578515730395,3.766100179549794,29.55001304196366,25.812563635850008
1986-11,1.9607040030758547,2.7395527467142897,0.8173637071174101,1.6730413408282456,0.2570071818067178,33.16531546675147,0.3376355955144518,3.7127652947084115,29.452550172043058,26.889262079459538
1986-12,1.869976651675109,2.626654504441659,0.8059736930492637,1.7517517104475098,0.24656240508933205,32.92526275311568,0.32575937227839863,3.60840981189517,29.316852941220514,26.804433994571596
1987-01,1.7900248014043654,2.545569253750119,0.8155458213581781,1.6551991867241516,0.2565264771479285,31.623819673840774,0.3403035163533358,3.6499590671965114,27.973860606644262,25.156480747922974
1987-02,1.8935570328445837,2.7165312125520096,0.8702254423095577,1.609417534453349,0.27126123678732605,32.49311053222629,0.35741417116573615,3.9565658852743786,28.536544646951906,24.642801505074797
1987-03,1.8427427811928017,2.6451697426472967,0.8519161238036903,1.6436592709031017,0.2620738335906735,31.16013504114015,0.34604563269124644,3.8181651637327456,27.341969877407408,25.121409058257065
1987-04,1.7085682068925963,2.5781890519438604,0.9381414238185469,1.5807425372570278,0.277418835600845,35.31145096456586,0.36797663091820865,4.312380025841368,30.999070938724483,22.421136975122852
1987-05,1.6586906292121788,2.524557696052492,0.9456474350968953,1.61156200894863,0.26916534280960414,35.978715391033035,0.35876106829128185,4.298285230702863,31.680430160330165,21.30877391558316
1987-06,1.7675698478763622,2.574188073742325,0.8520329522741839,1.5954350359639526,0.2647309747057616,34.510703357056144,0.34927459612241846,3.959256584751437,30.551446772304704,22.56867201740942
1987-07,1.6482268905495392,2.339919222068813,0.7544573889374714,1.933506298499638,0.22300586824384702,31.692575915373787,0.2961181637415908,3.243174526565905,28.44940138880788,24.627096145785785
1987-08,1.7217558108424806,2.673637679628436,1.0315136556579771,1.7033950323379143,0.2843551024321085,36.68789662788185,0.37904289783035044,4.730835168799105,31.957061459082745,20.093472972127085
1987-09,1.8075385910127415,2.6835093632551508,0.9310665725225823,1.832069080236758,0.2678937022047427,35.47987729291057,0.3543112976272435,4.111232271742066,31.368645021168504,22.92028603365071
1987-10,1.7294248155765186,2.5882880998147213,0.9276143408739242,1.950798525275963,0.26180428471321243,34.85000047314897,0.34780904570896953,3.946587504006588,30.903412969142373,23.337999167534072
1987-11,1.8294865507680917,2.7716894893393467,1.009087101391882,1.7297276367846675,0.2859766736612744,38.03652705539891,0.37967091101288647,4.547433743511331,33.48909331188758,22.118917084497873
1987-12,1.778736586753353,2.474271481013531,0.722836019989522,1.829964699644945,0.23037615312402948,33.45194891386735,0.3010935719617275,3.1424643805478123,30.309484533319534,26.811674851642955
1988-01,1.7954877794019637,2.551806277980736,0.8095940077344354,1.6721132556726985,0.243325543631065,33.925027350244214,0.3223318907536467,3.7279873993627883,30.197039950881425,23.890541988418843
1988-02,1.9543326691141087,2.7115434366195674,0.7910084203226736,1.6473434932147084,0.2505428567749769,32.422961454520966,0.3291977081089119,3.595644697377971,28.827316757142995,26.216951760808943
1988-03,1.6328124639240078,2.4220180689800963,0.9301571209614689,1.8101557167719602,0.2533607541833156,32.53256501238571,0.34202854935482396,3.95365405664708,28.578910955738625,24.809840118944194
1988-04,1.7449114506927554,2.7955306181275654,1.0837105672618712,1.4533034046033577,0.314389523707188,43.272463042519625,0.4151202963633877,5.436468026471487,37.835995016048145,18.666290388429907
1988-05,1.8098992319690086,2.5439537127823852,0.7721912444911813,1.619100006150752,0.24286511932868093,36.13985562576115,0.31933283652592537,3.5872773502713615,32.55257827548979,24.81532443563066
1988-06,1.7355684672935667,2.541353359620361,0.8755076795092961,1.5886372627910643,0.2643761369547037,34.890408926786186,0.3510148064603981,4.016608560411929,30.87380036637426,23.085194665763527
1988-07,1.8091204288741085,2.5935002074280455,0.8417319778368352,1.6574283464934736,0.2543647532885243,34.408324214946994,0.33703420805203627,3.848031998226206,30.560292216720786,24.058723825670928
1988-08,1.7726421571924318,2.586314839641148,0.8676776776075686,1.850791079043546,0.26095741168553915,34.905664897336095,0.34508743718896057,3.800099824749242,31.105565072586856,24.133511687404646
1988-09,1.7724754977747368,2.6281547762232673,0.9189535719900559,1.8750792590238823,0.26179129217524033,36.46495397192446,0.3469489088465577,4.147500190090155,32.3174537818343,23.153195317932003
1988-10,1.8657158581740345,2.735604387724695,0.9354250866792571,1.839736465453926,0.2659766358363685,36.48200475860962,0.3531489193774777,4.1814485123388385,32.30055624627079,23.910650934981753
1988-11,1.9526396677532682,2.7164021803894154,0.7937560334539613,1.6802199833871259,0.2563145364290541,34.231010690404894,0.3355907002839677,3.5681307413074745,30.66287994909742,26.424876299789496
1988-12,1.9220422281373426,2.6592276851950003,0.7740499988888173,1.6899017397963962,0.24541528983950728,33.190823924938684,0.32270466303941,3.516484822504868,29.674339102433816,27.754712716704237
1989-01,1.8609846348265708,2.6147482263246293,0.8035556868125366,1.6335343677190277,0.24842742298769713,32.74458754029324,0.3281726339998613,3.6852632832352232,29.05932425705802,26.10648920305567
1989-02,1.907768336801819,2.645406201284149,0.7860575103618521,1.5402547764149868,0.2509364630714255,31.539592697976556,0.3314079535988368,3.703614058503682,27.835978639472874,26.058594153464288
1989-03,1.9120728734072476,2.722339015661888,0.8622501433655361,1.563468508402994,0.27126076473306365,33.20503078691208,0.35768819944018193,4.014248588877242,29.19078219803484,25.816572732206158
1989-04,1.8412351548787327,2.6486203776336406,0.8658098261775434,1.5572304365495016,0.2666475923006171,31.429878429914876,0.3537871904190815,3.94154105845834,27.48833737145654,25.591667909165036
1989-05,1.6766757887372485,2.48269343147042,0.8724348056080059,1.533665161459615,0.2736239541352866,31.875949874256168,0.3630181157242179,4.035898116471681,27.84005175778449,22.840447285842938
1989-06,1.741828938076633,2.497231892847672,0.8139559590517773,1.604891855884925,0.2546451995096406,31.322232249117572,0.33720212283434,3.684597397493287,27.637634851624284,23.166461179453677
1989-07,1.807337547485868,2.651514727086284,0.9127791234149416,1.5114571252603892,0.2792273228557346,32.17068642005798,0.37078471274365715,4.2200660136060835,27.9506204064519,22.633402059672235
1989-08,1.8425102817683148,2.7378817711351315,0.9489988326528528,1.7072067331463512,0.2782803669163445,33.23345704307406,0.3679041452171364,4.332207050542526,28.901249992531536,23.651149605989342
1989-09,1.7395583636724732,2.6149038092715133,0.956287461958627,1.8143464080278278,0.26912985896308095,33.741596998364486,0.35880264847891413,4.308411297447958,29.433185700916532,23.030344377586665
1989-10,2.032505728233468,2.840152674558761,0.8413009682408951,1.67459189904005,0.2737861747900621,32.82183003510471,0.358543572603372,3.7357849778880547,29.08604505721665,26.111513276425175
1989-11,1.928913943901724,2.6610463338700967,0.7744788039898043,1.8134840977678102,0.2365090310630484,31.167989804594754,0.3117557996642415,3.4127444449291744,27.75524535966558,28.214185861891348
1989-12,1.7227579435581997,2.6277071548562443,0.9822592152262032,1.716732288633532,0.27995705330087123,36.24922493732455,0.3731311077610938,4.47504412310624,31.774180814218308,22.64608856395512
1990-01,1.9256756128669317,2.71277058405256,0.8313293421020348,1.6332247323839335,0.2561876006010301,34.122497363589055,0.33815919012364126,3.8145753153622697,30.30792204822679,25.77548543070839
1990-02,1.8166583153343652,2.5728724350898124,0.8037108013322108,1.7264998825664346,0.25233766737626184,31.561772694838762,0.3332402800551066,3.651568136634059,27.9102045582047,25.372140559097353
1990-03,1.886641249592984,2.6856676709865956,0.8520189199533708,1.6343056337431634,0.2643328003487327,32.61138455879774,0.3488115257548664,3.840953888479689,28.77043067031805,25.37101625855906
1990-04,1.722071091426545,2.521482603866757,0.8718881274427712,1.659408477955318,0.26066154695239,32.425634458420774,0.3473616028355781,3.935501647406973,28.490132811013797,23.875667458600642
1990-05,1.6960662601737744,2.5453574097739,0.9123815689177368,1.6175835891035226,0.2671574611934558,35.53153143294881,0.3536668430847254,4.239566822312198,31.291964610636608,21.958810328901343
1990-06,1.7228154350995604,2.506292361596115,0.8314791371021601,1.6680584764448587,0.2503663411090672,36.017045937775016,0.32997961043647356,3.8133059642397305,32.203739973535285,22.612984163975877
1990-07,1.8513741233771084,2.6456618548883677,0.8420345169523452,1.5419380713041706,0.26762516257075086,34.198479144950554,0.35323064032449064,3.8879247824856806,30.310554362464867,23.33595480907392
1990-08,1.8735021440093511,2.6473339462204346,0.8215905894774399,1.8354173555971092,0.2537199774605312,32.55749516100998,0.3350343832688642,3.6064262193004026,28.95106894170958,26.01252547482821
1990-09,1.6832843236999544,2.5492945046480497,0.9548123234539252,1.9104573344370919,0.2687181225939654,35.32107348156183,0.3591593938265071,4.24780545659321,31.07326802496863,23.05934861111736
1990-10,1.6410011864935374,2.704862335742608,1.1703199640658795,1.8389760812947473,0.30273735455636036,39.20695999457692,0.40542389851836474,5.155542333248491,34.05141766132843,19.251078749613225
1990-11,1.879110245894055,2.7537665047593576,0.9189162590551231,1.7489500461810177,0.2695394776479739,37.425710485098676,0.3555204762755693,4.127837496841967,33.29787298825671,22.84270375401418
1990-12,1.9837917307710446,2.691719522889484,0.7321907161047754,1.691903291243435,0.24048215028868938,33.92166671210687,0.3144128825346123,3.296445544591188,30.625221167515683,27.838460099192684
1991-01,1.8450146613013867,2.522932365573493,0.7249680415811759,1.6883089021206035,0.23515021312820106,30.80850809491624,0.31009914768174984,3.1537700459033866,27.654738049012856,28.0505430186311
1991-02,1.8583179083595176,2.5870506076103363,0.768057750395201,1.7486430310450383,0.239361125486647,31.73710697287037,0.3149524428473053,3.5155556659588045,28.221551306911568,26.456707137236283
1991-03,1.8571409503331349,2.6846751577567156,0.8828144785377209,1.5997779910153962,0.266845713840585,33.11615421945557,0.35334239554992386,4.077306154689671,29.0388480647659,24.54865166330193
1991-04,1.7872570700474346,2.6128842628205096,0.8879471494266329,1.5976044720859577,0.27292815175454754,33.09548757425429,0.36173390909023445,3.994171692864215,29.10131588139008,24.297895639079297
1991-05,1.6893274720956253,2.4922107080779616,0.8659355032399533,1.6732847590898243,0.2603856375526992,31.930691177436067,0.3457411678128939,3.8739786260773017,28.05671255135876,22.576483526266635
1991-06,1.7063975197051202,2.5568009303020784,0.9141255641069367,1.6755031099186752,0.2672866455165595,32.09997524270223,0.3545051496291566,4.120832599828244,27.97914264287398,21.80854579751805
1991-07,1.6926325365482993,2.458926071969913,0.8295311827375755,1.7523035869174277,0.2453636081030629,31.007631306900656,0.32620318230447864,3.737324053939285,27.270307252961373,23.196979818217763
1991-08,1.8554056049791243,2.771334296536369,0.9833126019937793,1.6755820108153663,0.2900136258745553,34.324536729796456,0.384379349867658,4.560237362065146,29.764299367731315,22.07705741737134
1991-09,1.9701779320125978,2.750963541090508,0.8212413719509378,1.7909925671526459,0.26418052683573007,32.091229804053235,0.34692375366786377,3.6064820089246292,28.4847477951286,26.6524547158935
1991-10,1.7106543908214984,2.515750526632756,0.8813071249731157,1.9669059739267112,0.24967675347162585,31.823328096157102,0.33342068952255,3.8202700475360296,28.00305804862107,24.780117553224308
1991-11,1.7595216982987207,2.72979747424331,1.0406258559268011,1.7975805619652443,0.2869534054088287,35.56193821726605,0.38092106761648203,4.607862208691965,30.95407600857408,21.368821583806707
1991-12,1.8296834404447784,2.630625908358937,0.8405700815502358,1.749516379834871,0.2561731620908093,33.79086293407704,0.3373919698230013,3.723241707313842,30.067621226763197,23.918529712508487
1992-01,1.7620050910809189,2.530300861549341,0.8302791639246894,1.7959971607968075,0.24589468994346758,33.31999934457972,0.3258421346458882,3.677386012221797,29.642613332357925,24.537056084937685
1992-02,1.8282282916871164,2.687786629753324,0.9068495174101259,1.667680000341294,0.27356322504785957,34.621261381853905,0.36127038492900854,4.070752964891045,30.55050841696286,23.546331994656146
1992-03,1.9245529672029176,2.6734493920848426,0.7907259611607959,1.6685735062669138,0.2466562287987832,33.15198170634668,0.32481600537532346,3.600146035982486,29.551835670364188,26.280819713486803
1992-04,1.7137974512654577,2.500061814366597,0.8579670515694244,1.758512780779013,0.2535662915524242,32.4401037023472,0.3372193116328581,3.765904613282907,28.67419908906429,24.81796238122855
1992-05,1.6068195502363734,2.497792153322526,0.9638281515641878,1.7889360005325932,0.26763640350966506,36.543853559509316,0.3561834939542306,4.37571459266921,32.16813896684011,20.606664628998917
1992-06,1.6219038583697523,2.4484504678323735,0.8925843284866152,1.784687722401687,0.2593986761390769,35.843183864427616,0.34432057337222227,4.036667287523916,31.8065165769037,20.627197863107774
1992-07,1.6409101089691525,2.4595255626001347,0.8797033183111627,1.743055337162727,0.2630740111482565,36.17371209825848,0.3489641067195008,4.0085697937726215,32.165142304485855,20.32535349770075
1992-08,1.9826411508385249,2.7201489711100435,0.7725877331564018,1.651411467793581,0.2543419349269405,33.67930236112609,0.3329267329022512,3.518229135819965,30.161073225306126,25.531661831109695
1992-09,1.9013960711012734,2.7087728229078873,0.8565685320832717,1.8165523270721178,0.2509514640052589,32.64915165303332,0.3318089432719598,3.78517195629549,28.863979696737832,26.734999637577392
1992-10,1.8460623344370128,2.778804446648055,1.0032137472953144,1.7527972702267396,0.2835795577705198,35.279994668620844,0.377033368077217,4.459095234080605,30.820899434540237,24.301248335008978
1992-11,1.8688492909132226,2.641520467236864,0.8095880669570696,1.8448869010458893,0.24707423310308949,33.56357294204649,0.3244717235707784,3.5779536655335304,29.98561927651296,26.196776317061406
1992-12,1.8973406552515393,2.6739316634302135,0.8248312897000355,1.6089164552832214,0.2615294344141804,32.65425026397452,0.34488201746098884,3.77318873614779,28.88106152782673,25.52458988617466
1993-01,1.61811838268376,2.8137943076379823,1.3623910701229371,1.3945785738270073,0.3279650977233767,57.071725924799956,0.44415064393122994,7.185604585245824,49.88612133955414,18.45084266454476
1993-02,1.9280256318546503,2.8022737858506566,0.9272732111904988,1.530176654576686,0.28072022644819167,47.31102675983788,0.3707295955100177,4.406177984074245,42.90484877576364,24.529029208041745
1993-03,2.0266775396891807,2.797632922374475,0.7983984136782771,1.57157093992566,0.256003771425427,40.440026905058765,0.33472791630022525,3.723900548905926,36.71612635615284,27.910742813347024
1993-04,1.89721381013594,2.669615272185057,0.8156738828085353,1.5984614840520426,0.26029182386964045,36.451897246376156,0.34249003981221543,3.68559733215014,32.76629991422602,28.01760479062705
1993-05,1.7043901763029594,2.5246591642185896,0.8745248241205993,1.6927556010793137,0.25683776212463794,36.419331719986005,0.3395188511714576,3.9512084387778965,32.4681232812081,24.00186939006526
1993-06,1.7153857145586955,2.485528614999203,0.8236390041053264,1.7603233126804052,0.2451098768916858,34.90479771927679,0.3247185004770764,3.6938950618106445,31.210902657466153,23.33969262674407
1993-07,1.7425934210442409,2.5176016333835536,0.8344981516053462,1.7724905755613776,0.2492327583594899,34.46594801618081,0.33032160262147126,3.775080748253694,30.690867267927114,23.22620447709776
1993-08,1.8347804758647175,2.6833458506488665,0.9045907980556428,1.747652689280391,0.27279947897746404,34.78783096451251,0.35997153376607893,4.056060589681115,30.73177037483139,23.32062212961849
1993-09,1.9188613475184184,2.7103026750432466,0.8288638392580001,1.8575810490290698,0.25710115771325126,33.90693498169619,0.33852407216920555,3.6880096879570803,30.21892529373911,26.16844155125876
1993-10,1.744684267739175,2.548266395141291,0.8762234860320306,1.872659069671073,0.2513826457140807,34.2131156182295,0.3353303807600945,3.8854388611033306,30.32767675712617,24.566285655027507
1993-11,1.9171162412926783,2.8572252470439645,0.9955146266887449,1.555196205901724,0.30704127152132255,36.89444279842314,0.4047524801858142,4.563706506849512,32.33073629157362,22.771966887832434
1993-12,1.9778734899846981,2.7126291968020833,0.7651395027161018,1.666961725013389,0.24256878027309633,33.086842970457454,0.3180280581295178,3.4700503482999094,29.616792622157547,28.40241227817087
1994-01,1.88200433498308,2.678408515655161,0.8541885311818961,1.5669041114785558,0.2683285611387722,34.01742411657838,0.3547390661305682,3.9793030931795434,30.038121023398833,25.626228687726428
1994-02,1.9504716886333517,2.6852940244323444,0.7671650878995617,1.5753617537595554,0.24945751898198448,31.292318140156947,0.32771633738536676,3.5355562727527006,27.756761867404247,27.688880955925804
1994-03,1.864898000988748,2.675569879698878,0.8707589205067245,1.5925707898895503,0.2677423290386898,31.513986986202653,0.354479607807776,3.938111482378598,27.575875503824054,25.77593453383492
1994-04,1.9149130370374658,2.6784090577101,0.794738117040442,1.619611093692461,0.2536929360494311,31.3489286972656,0.33285916752653333,3.640153183881081,27.708775513384516,26.712112867377126
1994-05,1.6012819469170123,2.413560147643631,0.9054122419342712,1.6913263494344388,0.2620803637209922,30.508498544907102,0.35156966301509723,4.011313559416662,26.497184985490442,23.129177392798702
1994-06,1.7722105664716241,2.6530581388080647,0.9354437200177613,1.503149163782349,0.28970203103189246,33.86459585922347,0.38269088507540183,4.349051751677095,29.515544107546372,20.91980046458497
1994-07,1.790852637700896,2.5526968008405597,0.8217195703545577,1.7404559103361898,0.24531057685960347,32.78843850383439,0.32504861653616024,3.699071852605935,29.089366651228456,24.106144284350606
1994-08,1.8402843076671092,2.658396917910474,0.8693814530386208,1.738877173741502,0.2615075172234077,33.48010564711218,0.3457094772586723,3.8617229056629125,29.618382741449274,24.14817721211419
1994-09,1.9171547231350388,2.763634333113564,0.8932558413678892,1.7808365245857012,0.2657305788903818,33.49479573336039,0.35080619644701905,4.070038431587918,29.42475730177247,25.112423762477214
1994-10,1.777779420473735,2.697876446461872,1.0127733449342708,1.8716660470363302,0.2768711876018216,35.63246944531169,0.3706577626014928,4.503590967329839,31.128878477981853,23.71170556230228
1994-11,1.8589655272300425,2.794251204469881,0.9941594896209617,1.7233404081013817,0.28878154772036846,36.877676476216934,0.3816063143243099,4.520372013551891,32.35730446266504,22.71519685574997
1994-12,1.96887326394638,2.7726212520754996,0.8439448009041547,1.6329348578483147,0.26951769905340883,33.60862144210814,0.35445202328683256,3.699204095573023,29.909417346535108,26.535790519786733
1995-01,1.9166527897208567,2.651271261390982,0.7779114454565592,1.7685832055697157,0.24620547092572895,31.627502880968656,0.3240394262973129,3.4163901739473297,28.211112707021325,27.843203671601877
1995-02,1.6961400911325042,2.528234560938146,0.9045505827203986,1.8665540752743066,0.2515927380383719,34.49177794107889,0.3349834669183199,4.102521061644367,30.389256879434523,24.34269369148211
1995-03,1.8854695593977144,2.7678979502869394,0.9322469345292699,1.6543200563356524,0.27563345832215097,35.929314662110016,0.36376151947002283,4.26278822689051,31.6665264352195,23.434575878320707
1995-04,1.8139250648233403,2.591769223730347,0.8240417314107276,1.628392012213442,0.25373823647391147,32.56880505546604,0.3347473701918357,3.7840750763977513,28.784729979068292,24.952085412379486
1995-05,1.688806546924738,2.50459319264399,0.8967380017402903,1.6308959105909024,0.267030988492663,33.58248414549097,0.3557392862199883,4.030770851733555,29.551713293757416,23.234456068221046
1995-06,1.7659351064083817,2.5634952296832725,0.8498668518940924,1.662500899739125,0.2569051791300399,32.746103661818296,0.34016928230942284,3.879349851167218,28.866753810651076,23.32523668036351
1995-07,1.7197020321453944,2.5325061462253844,0.8716189054715744,1.816232483190194,0.2617551583974029,32.658564018415014,0.3467476044146392,3.8384208744695485,28.82014314394546,22.91746123141638
1995-08,1.7355279104604318,2.6663988915259513,1.0012668216105773,1.8635334602164868,0.2767727543774706,35.58475814886251,0.36785208446768064,4.483200157832742,31.101557991029782,21.362207513987613
1995-09,1.8645200352751812,2.770429055077794,0.9745520739543359,1.8208697033371852,0.2849369429662223,35.57352276697692,0.37792864391158465,4.259047137543926,31.31447562943299,23.149316051908134
1995-10,1.916551523227903,2.7368049786062736,0.8591852411870502,1.906046249699513,0.2552311412022131,34.04777515558206,0.3351619065265624,3.7417128513546527,30.30606230422741,25.897948640414548
1995-11,1.9475057394364348,2.717253874524168,0.8178212159439702,1.7295289622778978,0.24874599090739113,33.36489746757469,0.3281866704747312,3.702876799706344,29.662020667868344,27.33061954244857
1995-12,1.91749066537779,2.753108299496985,0.8917780862414124,1.669967323588136,0.2732895673662091,34.68502887264115,0.36179301002968844,4.011100682811677,30.673928189829468,25.690009116089715
1996-01,1.8067128089757574,2.6028628039329975,0.8632026708842473,1.7823250657958742,0.25281358348817085,32.948945883124374,0.33560340006438727,3.744315076390742,29.204630806733626,25.63683313748536
1996-02,1.8668845486019432,2.6978798857805666,0.8805971000481884,1.6117796018216932,0.2714324132834113,34.3518040175777,0.3580809157394899,4.040683394879489,30.311120622698205,24.24550681821725
1996-03,2.0045608563520525,2.793398795276794,0.8236959549425082,1.612616293658316,0.26084374386558823,33.96635379914911,0.3426785476286192,3.7664215619066703,30.19993223724244,26.915508452782134
1996-04,1.7431558905647688,2.493450717171226,0.8138504278093525,1.6874510617242955,0.2493378738451514,31.80511311413421,0.3308433347777907,3.6890512815529757,28.116061832581234,25.996249788629644
1996-05,1.7233806634801099,2.633368135239197,0.9887432633101517,1.5395431644026996,0.28501535063215994,35.49552394831719,0.37991212614266345,4.635208130338296,30.860315817978893,21.174984658162877
1996-06,1.7652839919268193,2.5105156362209744,0.781669920213518,1.53973493880165,0.25723634465735296,32.184982444559914,0.3380909296960242,3.641470693029776,28.543511751530144,23.855377435658497
1996-07,1.890637489840881,2.6828914317528336,0.843556570637196,1.6868038987861371,0.25984106996504513,32.55243817407884,0.3431316265590738,3.8048370759919257,28.74760109808691,24.702664801576784
1996-08,1.9185781927215337,2.67104331661625,0.8031942016124514,1.7958595646480562,0.24043129753570125,32.33585198997635,0.3180804814736218,3.590948618098044,28.7449033718783,26.95981817989396
1996-09,1.8404738475364188,2.771837045243038,1.0117777597877364,1.7746526966067462,0.2875995707126646,35.16904100778293,0.3827348785596488,4.485228300388256,30.683812707394676,23.8048783343576
1996-10,2.0270867516730853,2.8746554102580806,0.8976377872659905,1.7545215117635897,0.2701703777130361,33.15896567737289,0.35623492306707666,3.945680482864812,29.21328519450808,26.580002204173006
1996-11,1.8972954107905842,2.712246108555371,0.8587408114690595,1.8076399372177174,0.25800406769494505,31.97147824450387,0.34093459835326656,3.8319034466496578,28.139574797854213,27.223382671394212
1996-12,1.8403114600541286,2.6798767477391965,0.9084585526027923,1.6854353883828717,0.27142625601958714,33.26620953665255,0.35972277745981457,3.9925668662583735,29.273642670394185,24.81893660867721
1997-01,1.9599975923890565,2.765828506335078,0.8421075459280754,1.608201636994388,0.26739181205554274,33.05251731142671,0.3519700372199751,3.8448691103378083,29.207648201088904,25.881571768578077
1997-02,1.9887465055613358,2.782553317110125,0.8415972734774354,1.5728800307429271,0.2695811136820714,30.787117930375278,0.3552240381417944,3.747749243271904,27.039368687103376,27.391402450956047
1997-03,1.9746991317155016,2.680357848614164,0.7396772281985818,1.6198464716799723,0.2412322117293049,29.01505590214069,0.31647608297538643,3.394631265710491,25.6204246364302,28.695879416457053
1997-04,1.7561842468259263,2.631263268775759,0.9652038190540069,1.6280583719836281,0.27973954145454755,30.619920852694072,0.37433996627461663,4.225057696232803,26.394863156461273,24.335278201030082
1997-05,1.739460820578065,2.641163462880309,0.9620951730237283,1.594576034008761,0.28783247315130805,32.03575002676201,0.380953199356532,4.406075485177059,27.629674541584947,22.098844889912094
1997-06,1.650983499802327,2.5049297640952637,0.9262710872824119,1.7892699666756235,0.2621230711006729,32.66253807770449,0.3488524103031359,4.067964946380966,28.59457313132352,21.91578191033033
1997-07,1.4881243666454635,2.5149094397569653,1.1411854324499546,1.8296417553074174,0.2909326353751152,37.08169004525982,0.3914356437649382,4.959807893049088,32.12188215221073,17.40766979730823
1997-08,1.8128289669754154,2.622802788005175,0.8594566157379725,1.8169177891619548,0.2544161890905037,35.209926021885,0.3354339848336406,3.7625695623365307,31.44735645954848,22.072467831341218
1997-09,1.956359048715148,2.7379783931794637,0.816711110414256,1.6388313620446815,0.26138687549638334,34.77459888477741,0.34416669417638024,3.8394898224520806,30.935109062325335,25.311580887980643
1997-10,1.6949512220370522,2.5618164351987835,0.9413727179421769,1.9481939932553518,0.2543271141172831,35.1612801611053,0.3380431879922873,4.020659515631614,31.140620645473696,24.273756626309794
1997-11,1.9491113706327499,2.9055297407559384,1.014332754761607,1.6440651011188199,0.2970077843991249,37.5799408235102,0.392533284447223,4.499412306444174,33.08052851706602,23.063514869119352
1997-12,2.0669795126305393,2.7824224078115494,0.7297785387737565,1.6955724815908593,0.24061693682407326,32.8602124371977,0.31348832017635025,3.234227704220966,29.625984732976736,29.652155904630565
1998-01,1.822987800236749,2.5839893825110947,0.8327949492684642,1.7696265069840567,0.24955633647232722,30.98525153349228,0.3321966223159053,3.6420338325085226,27.34321770098376,27.610573601574615
1998-02,1.895997050223145,2.751371127526085,0.898243582930249,1.748915808807967,0.27090953795315303,32.74157334567531,0.35667110906246063,4.008780010959841,28.732793334715467,25.216663035253305
1998-03,1.8843673386663538,2.6747489471038537,0.8378507821003226,1.7379400418541886,0.25084359845224913,31.495038408923218,0.33125957156850405,3.7050892340233808,27.78994917489984,26.306856283209193
1998-04,1.8021802377486158,2.640758184955041,0.9004993563928003,1.654477827743232,0.2730273017776572,31.994798170522582,0.3613617663665197,3.9946197632172757,28.000178407305306,24.243231220196957
1998-05,1.7110164379574195,2.4568604262848943,0.8047247462181945,1.726588128432438,0.24153410316859314,31.649934702941838,0.3209389978689044,3.6103503430413957,28.03958435990044,24.38661364397605
1998-06,1.7547041074465788,2.574897201314345,0.8800546502480009,1.6062251589032626,0.2711488546565674,32.304754624940344,0.35922819486956914,3.9590324929578666,28.34572213198248,22.35883125908905
1998-07,1.935116378911905,2.7588841853838604,0.8665811554564293,1.5981563521840434,0.27347854423913454,32.656094262410846,0.360148203752413,3.92924804989263,28.726846212518222,24.494236518591546
1998-08,1.8273614572744632,2.6596743039920017,0.8931707876597241,1.7823837971933396,0.2623689183389269,32.19961295628938,0.3480605599888374,3.9631952613038504,28.236417694985533,24.862435233386215
1998-09,1.9876596975201586,2.8752963765465007,0.9532747181706984,1.6439755085393697,0.29167203145558046,33.33764208727991,0.3854767872706626,4.18795784834736,29.14968423893255,25.128197398163344
1998-10,2.0409516820903657,2.831099907566931,0.815845618939767,1.8014620219456507,0.2531595603071555,31.27527517506458,0.33189075515480765,3.5723039804140364,27.70297119465054,28.799673757996068
1998-11,1.9074372373586854,2.7296390891699502,0.8826010168935511,1.7235990199457116,0.26252528796407676,31.20093709709426,0.34805722208968837,3.9260887698409452,27.274848327253316,26.828341382968723
1998-12,1.8651573954682386,2.754865470091517,0.9550156914169244,1.6742073019861345,0.2762727268370553,32.538962601448155,0.36618471970199834,4.324412971433784,28.21454963001437,24.976866671433122
1999-01,1.8998299422016343,2.6598678748079587,0.8205289183795357,1.5637089950671623,0.26135334429391516,31.11205649997658,0.3453481898258935,3.673690305455424,27.438366194521155,25.780226978032477
1999-02,2.0440083641813342,2.8822167101895575,0.8688479292461938,1.4470360005434315,0.28089360112928086,31.747861612677735,0.369542540304407,4.077767852752889,27.670093759924843,26.362845722428176
1999-03,2.0062060491563702,2.707665675506464,0.7415037555811494,1.5933920510150048,0.24077655566467943,27.939324837134023,0.31723418528978975,3.3327682882215828,24.60655654891244,29.612705468065784
1999-04,1.7818205677807615,2.627518666339187,0.9182580200574912,1.5137723646650316,0.2847062251736857,29.67916215633701,0.37821494113978765,4.207274776869195,25.47188737946782,24.822651921818153
1999-05,1.9665113224487596,2.8218062512202864,0.8979821315312276,1.395323416165689,0.29400488983562,31.08533872917565,0.3866096647277204,4.174039392459448,26.9112993367162,24.625648017268954
1999-06,1.8868216040477361,2.5545341921356486,0.7028533835225557,1.6444147713153592,0.23138197437747757,27.298731061703155,0.3041819157436029,3.122741133619786,24.175989928083368,27.963794646917783
1999-07,1.815959945706433,2.5930746721177145,0.8419695928738284,1.6729565925472178,0.26208976494299197,29.411089545355917,0.34808645041815234,3.766795084281526,25.64429446107439,25.18266043102254
1999-08,1.8335290985928323,2.7414783886727365,0.9913814327210433,1.616018421555283,0.29681510813483486,32.5178808227478,0.3952798749735614,4.48103210622249,28.03684871652531,22.907305839120777
1999-09,1.9880234490066053,2.896353786005525,0.9594288263900417,1.6206974236320941,0.28954509214821045,34.29797951499545,0.38202878597177475,4.350339918844539,29.94763959615091,24.484015597155373
1999-10,2.0301782684231875,2.8919141959585564,0.9202146958081692,1.704106969639487,0.2766216909319839,32.957635211338456,0.3663606793923795,4.029590936079721,28.92804427525874,27.01460180299258
1999-11,1.9254399031569183,2.7292840843052946,0.8490808200718639,1.7880477523897589,0.26079727949545556,32.17980126083823,0.34319256255951835,3.670402176694021,28.50939908414421,27.651707965948056
1999-12,1.9003925627353704,2.7322327358763543,0.8843316395150359,1.6416447187244745,0.26967412660777845,33.724158913322086,0.3565342250344647,4.059947370657633,29.664211542664457,25.81361269778604
2000-01,1.8792517073509185,2.686866801190379,0.8717444567212335,1.5802960268089448,0.26414055966404965,32.037659179228335,0.35006607290566555,3.983468222683686,28.054190956544645,25.658237174183864
2000-02,1.9685630881429148,2.7813942158415164,0.8476681794794383,1.5564821456602218,0.2744127125178622,32.05819465014107,0.3609085905286211,3.916271957173865,28.141922692967206,26.113846193554192
2000-03,2.024720551895733,2.832268637956814,0.8555865832997726,1.5498668282766979,0.27130519183064256,31.500368557708924,0.35784202882877947,3.8847473712535003,27.61562118645542,27.334336714551807
2000-04,1.8754440252493623,2.604672398314869,0.7794905435307048,1.6181228827903271,0.2529530086238254,28.789734957108717,0.334096620343157,3.4810789140949607,25.308656043013755,27.899590770592443
2000-05,1.7016339390523014,2.545476508373519,0.9210584094222254,1.660758989902749,0.26447401169122753,31.23940728238711,0.3532774854827444,4.237845078165909,27.0015622042212,23.268391084064568
2000-06,1.724021203391136,2.626575004720882,0.9783546210469908,1.5832281201193577,0.2895290251717118,32.77548138454991,0.384655641614472,4.369740312539082,28.405741072010827,21.471421664859903
2000-07,1.8588088102116695,2.645383405165791,0.8329555958481315,1.548840536251811,0.26801984634347503,30.964170193980717,0.3539951951978473,3.749497013928223,27.214673180052493,23.890054178402398
2000-08,1.975398330149738,2.8143899391194696,0.8967581713158929,1.6190557739425744,0.27355303127356445,31.954599885385228,0.36148271781371494,4.066868749723554,27.887731135661674,25.408115091374437
2000-09,2.1197768176901435,2.947336878507011,0.8596632673634125,1.645352891419397,0.2704747450857133,31.76700393860086,0.3546761815083845,3.8498130310400946,27.917190907560762,28.396023749830825
2000-10,2.0528482169309235,2.8759517570689166,0.8752967757479585,1.7213470057064777,0.2724168397077575,31.047130973074456,0.3581917266739193,3.767450991854896,27.279679981219562,29.51814301939758
2000-11,1.9564019903699978,2.874162658952731,0.9834593436741143,1.7077711230705694,0.279778457847719,32.30942394670729,0.3716845913609315,4.477618004552611,27.831805942154677,26.200285536047218
2000-12,1.9568526117864686,2.7822614226113536,0.8723286815314708,1.6979814067625518,0.2696666703983459,31.052809133869314,0.355940212293086,3.8888409088896614,27.163968224979648,26.950806116729698
2001-01,1.960572441292834,2.6823090131186995,0.7749357662550508,1.6027022374664592,0.25289209819634656,28.892797536310823,0.33462482361608054,3.480083625939239,25.412713910371586,28.418789486493843
2001-02,1.920059076981836,2.7171577209719175,0.8449312198127549,1.6441358755610749,0.26655759973940923,29.60915052774572,0.35148643930581736,3.7866174414844544,25.822533086261263,26.9356259031271
2001-03,1.852124213374286,2.792732774915847,1.0306095210251027,1.6249086744732282,0.29055560294701144,32.27462856872252,0.38845677003731144,4.690143403999856,27.58448516472266,23.93717539707006
2001-04,1.873792547208189,2.715673953885451,0.8907874523687409,1.5568018053790131,0.27441722618606373,31.702855959650492,0.3623194359626496,4.085672198917309,27.61718376073318,24.395865130249955
2001-05,1.748093214418205,2.6289885589903275,0.963413475326901,1.6633722947558869,0.27173242664819597,32.45639209617057,0.3622429902770057,4.23382154998157,28.222570546189,23.673896550731264
2001-06,1.7306075119543307,2.5542096810283224,0.880748733162391,1.511963962333493,0.2716929456247278,32.40539709949506,0.35981187782462337,4.141397705396217,28.263999394098846,22.196995734950196
2001-07,1.8508335889803136,2.6518796606888575,0.8458984556382796,1.6433629175029807,0.26246107736151597,31.572641002226685,0.34612699756080517,3.832270436139561,27.740370566087126,24.08461494017495
2001-08,1.8431258339263594,2.7450472074593564,0.9836030653125691,1.8289356133576615,0.2758878985087096,34.05217554907376,0.36758240231566713,4.26762776421341,29.784547784860347,23.781203166064614
2001-09,1.9053149174971853,2.788696404817364,0.939826487862483,1.752930348253178,0.2787340470199054,34.79905310351947,0.3684539138927669,4.176785603794182,30.62226749972529,24.313109880710044
2001-10,1.9041756609970848,2.865960712629088,1.0234531918727197,1.8176849283549097,0.28583985959530545,36.89823650831191,0.3786196676183841,4.40737195790655,32.49086455040536,24.605681813483276
2001-11,1.9259932532212862,2.762959254145732,0.8937368748839565,1.8830041751687758,0.26065967083894764,34.795714328588154,0.3447052442400629,3.847703692901289,30.94801063568686,26.523680432201242
2001-12,1.96346954411081,2.7483228297957236,0.8262072492342772,1.7209954076488942,0.2593084282707715,33.08446409979032,0.34132636127007016,3.6809957786384904,29.403468321151834,27.28096411183833
2002-01,1.8737696844835463,2.6394180874639654,0.8142484464509205,1.7259490990850224,0.24746571193134143,32.59941990917604,0.3267484379294983,3.6132263750316445,28.9861935341444,26.5487145654743
2002-02,1.8986805049444058,2.702406780331496,0.8587357440671769,1.6456777672321619,0.26351681984196657,32.297061058021974,0.34845543166086773,3.8667439411096547,28.430317116912324,26.059870873714356
2002-03,2.007391162060467,2.8453250307398172,0.8828132462999202,1.6201300353635528,0.2748871989563035,32.00770064368696,0.3617446589328606,3.91861926471523,28.089081378971734,26.89873136886388
2002-04,1.8997519697408536,2.623211815004955,0.7606195622434802,1.691859197924183,0.24334387741064709,30.18086340430589,0.32038318949229805,3.4779478779403186,26.702915526365572,27.78881512987101
2002-05,1.6790820930185504,2.4806155609102967,0.8749425971695702,1.7389611469615436,0.2586321209862457,29.76702315992063,0.34485208531830414,3.8637765363520837,25.903246623568542,24.13224718200523
2002-06,1.697379289314257,2.633308502335338,1.0324463080997297,1.5546592791840403,0.29064788485921567,33.855579239453775,0.3891383294700082,4.707868267048924,29.147710972404855,20.39593342875654
2002-07,1.7763451565248596,2.655340353730793,0.9367774423491347,1.7112508210361148,0.272771240572093,33.750136469610815,0.36052135159960425,4.237707166159197,29.51242930345162,22.082121533559544
2002-08,1.7437948392678235,2.634557265947383,0.9553097090146327,1.7331143883402813,0.2786431372889406,33.96920083098363,0.37011994598922093,4.230785918735687,29.73841491224794,22.289878232595612
2002-09,1.7509142685130519,2.6462378825441415,0.9660401770956781,1.8398755866345353,0.2634316745028752,35.5864814387694,0.35021342977991476,4.249179458147419,31.337301980621977,22.333577421481877
2002-10,2.0031590067562095,2.854481022063218,0.8916989329575133,1.7956854078591673,0.26732221977098297,35.02525758788343,0.3516606025670341,3.880787164920727,31.144470422962698,25.17969724180122
2002-11,2.039805417828337,2.8582839761964483,0.8587016033234899,1.7427731615317608,0.26442748251375126,32.57703656744524,0.34751630160500596,3.7640466540791233,28.812989913366117,28.35849947338416
2002-12,1.9647030674153012,2.6481676713571374,0.711965595816734,1.7425295681321074,0.2284201111654527,29.90266002828333,0.29962860753473547,3.1631919213208484,26.73946810696248,29.565084635285746
2003-01,1.7851268787452008,2.693781299299207,1.0040743143285884,1.7633417316245807,0.2782481509484942,34.47351404216652,0.3722844020522557,4.404428829160991,30.069085213005536,24.432209959806507
2003-02,1.9068534604239211,2.806248601871698,0.9547691101393172,1.6429601921978825,0.28739008365299534,34.55090331965133,0.37962345146037046,4.283479876372472,30.26742344327886,24.37813060541827
2003-03,1.9507716947112492,2.7502132017575884,0.8385346033915362,1.6503130709796863,0.2588717188033313,33.230504188299285,0.3407680359986433,3.8235528341848912,29.40695135411439,26.44240082893024
2003-04,1.8287522365798465,2.6084857161838775,0.8351668197934073,1.6861574766053087,0.2509824054640816,33.686155414023965,0.3322695200710024,3.76739719854797,29.918758215476,26.092651513806963
2003-05,1.6301034386252868,2.5582784539126253,1.0335809180847821,1.6035263365856236,0.2959709526678617,38.75438245266343,0.39662735975505153,4.687155848826997,34.06722660383644,21.301391408637752
2003-06,1.8871522165365893,2.7379289060957963,0.8856866000543132,1.5980053859796304,0.27739807294511815,39.384089821480906,0.36360742946580427,3.948067328153868,35.436022493327044,22.92551533276289
2003-07,1.8525965236696909,2.6305353227394934,0.8187932335038611,1.7125119939199387,0.2452444661068127,35.01613758726407,0.32344152934427634,3.7476386734010365,31.268498913863038,25.509743375307306
2003-08,1.8117004751885961,2.649641717046441,0.9005294450532176,1.6671693425683862,0.27458094964887797,35.560046121621234,0.3633947054508585,3.9772158035526304,31.5828303180686,24.43911285884067
2003-09,2.058909901038942,2.871716837327848,0.8524489083076319,1.7460652225516489,0.2673453516508842,33.75127712109755,0.35143021286138654,3.7076547085770164,30.043622412520538,27.203360884594137
2003-10,2.019734432364746,2.887445806966286,0.920655474106593,1.796591170060138,0.26934359346598374,34.853463371019224,0.35503177698841887,4.004295061145685,30.84916830987354,27.68964005984427
2003-11,1.9418109574174076,2.73555018790721,0.8343409987544673,1.820656794883409,0.2539705433558997,33.450108832802705,0.3349081723224955,3.603188863759445,29.846919969043263,28.096784083504403
2003-12,1.8304214062330506,2.7032757818221884,0.9525296158516414,1.7548948890778366,0.27671340117585214,33.8845369374737,0.36823684730002115,4.090996069747726,29.79354086772597,25.27714807502009
2004-01,1.8789808514421666,2.7753286730597226,0.9425306596976311,1.6358995875316202,0.28227043225539866,38.248297352332536,0.372166510815349,4.348497928098073,33.899799424234466,23.23584205619753
2004-02,2.0182189387369873,2.7977014616600018,0.8160694187208541,1.6703672339823568,0.2537868544989511,34.145766797830994,0.3336381971256864,3.6783313749408295,30.467435422890166,27.74212334019674
2004-03,1.9095866154623742,2.6933404863621004,0.8323253062132313,1.6573741272987264,0.2556064379865731,33.140874841599754,0.3379311252937204,3.7924748982423995,29.348399943357357,27.468338881424
2004-04,1.7929490221788313,2.658985618574102,0.9298001001381481,1.673322546216734,0.27929751936830144,34.841622474801554,0.37034892370550726,4.111970680723816,30.729651794077746,24.072447150173108
2004-05,1.7536503768360043,2.594530759324782,0.8975759433104201,1.6201360238308222,0.272147803513726,35.70232615255947,0.3590929435351897,4.1205963943454815,31.581729758213992,23.194932328594884
2004-06,1.8817950529752112,2.7333502135299974,0.9129511579451329,1.6145481062881464,0.2708387536400883,36.91157351343831,0.35828608781874977,4.132956617775864,32.77861689566246,24.262432786867365
2004-07,1.8720330173016648,2.6947354779670185,0.8852665122028609,1.692474241140676,0.2680960169846981,34.41485361644658,0.3558757420353715,4.003467241071555,30.411386375375017,25.006671601845895
2004-08,2.0031314370472457,2.8680713283529773,0.9228063755823407,1.7486664298734858,0.281358135360104,33.80246932056014,0.37229550526988686,4.06220342166833,29.740265898891813,26.4987650911287
2004-09,2.017771514691936,2.873826238160119,0.9018423990165233,1.7943060226983591,0.2711507860925409,32.222354332119785,0.35706831866970423,3.8505442298113794,28.3718101023084,28.189594124526632
2004-10,1.8607582743395188,2.750181844498648,0.9663348840956487,1.8322857648489255,0.2744535332439097,31.99266162970168,0.36582781749611787,4.184269374215114,27.80839225548656,26.0793205619532
2004-11,1.8897322322244081,2.907639858744136,1.0866396497866675,1.716795003285603,0.2994758214956473,35.81203945234578,0.39651114049248115,4.80818299029909,31.003856462046695,22.919829420300495
2004-12,1.925125374693335,2.7425410480662586,0.8697914492143779,1.7194771977421592,0.2542522031979112,34.092333976235096,0.3360939763510824,3.9587693681062985,30.133564608128804,26.391721832589162
2005-01,1.968060171303591,2.780219209585782,0.8471527504437517,1.7278933381125892,0.2654059200831355,32.66647682243717,0.3486704606473769,3.7001993295764155,28.966277492860755,26.88161202615784
2005-02,1.8978478389859643,2.641207715877479,0.8111228455910201,1.7584501873715346,0.24318235365277935,32.49724851348697,0.32238234129495175,3.5282498251172427,28.96899868836973,27.694356724856423
2005-03,1.8873186347743323,2.734983098663758,0.9005843220531814,1.717955190913716,0.2680790908796258,34.827080136019255,0.35503064637111914,4.027684016495019,30.799396119524236,24.936041800701148
2005-04,1.8332643113360585,2.6350738618874145,0.8544907120277307,1.6892218910776526,0.2544899496291497,32.92197353546552,0.3366368998393075,3.8720833843809297,29.04989015108459,26.103544275714384
2005-05,1.6789404266030636,2.580116772447916,0.9882746403578019,1.6964972635708129,0.2741655753231498,34.73885431229039,0.3669079687999545,4.451092289316393,30.287762022973997,21.683802994664923
2005-06,1.8341386099741257,2.7276319755442566,0.9479235507149634,1.6405732340955652,0.28196229379927473,34.41202229853794,0.37180389454266677,4.189031390782384,30.22299090775556,22.65258529367595
2005-07,1.848034111128776,2.597603326208267,0.7952442055670855,1.793118202635208,0.24507684882705721,32.587987381823275,0.3232008596851383,3.513720190134852,29.074267191688417,25.57042372299738
2005-08,1.7621707660947328,2.6511218597897015,0.9620259706846895,1.8676135224534915,0.26825179895123324,35.08202920030425,0.3569090714440907,4.27893910626437,30.803090094039877,23.495582063883788
2005-09,2.0050565632063413,2.9546990187987974,1.0087537206120847,1.5671054535853566,0.3091913556391977,34.82262099534283,0.40951006284843156,4.56970202899907,30.252918966343763,23.83496964541341
2005-10,2.0223351406569603,2.910862193714084,0.9454619213258264,1.8323580334972716,0.2738269163534709,34.554863495398806,0.3615680021456158,4.05741396203341,30.497449533365394,27.6190896711504
2005-11,1.8356180648731777,2.6943016503404693,0.9244256263457231,1.906126800789917,0.2555818888630916,34.292301027427904,0.3392681517433848,4.001894859404217,30.290406168023686,26.61943782528773
2005-12,1.8800047438337832,2.6894294066639484,0.8657287141252089,1.6579298055268419,0.2612857387269137,33.9412405014434,0.34626314682212017,3.977595141140247,29.963645360303158,25.074367586697765
2006-01,1.9819276419824328,2.8410986781657823,0.9061389819020796,1.622321171541551,0.27906316962090777,34.68873169026782,0.36742634633656474,4.086395412642501,30.60233627762532,26.009752085077718
2006-02,1.9990035093068417,2.7837226402628477,0.8226782191005301,1.6620644397347366,0.2561028168680403,34.89915882850228,0.33612974474342666,3.8030850081217698,31.096073820380514,27.332294103229717
2006-03,1.895026882380684,2.7504060129444063,0.9220313107988737,1.6623319719834961,0.27675815162645706,35.123250287793304,0.36712464963630687,4.12242751853071,31.000822769262598,26.015514912833158
2006-04,1.8068098326651378,2.580467012964741,0.8221530667078379,1.6858924021694277,0.25456269646533075,33.97482746856209,0.33570528695787505,3.647409806221745,30.327417662340345,25.85320146062209
2006-05,1.7083158174573354,2.4172613096131577,0.7499660249197243,1.70129088493927,0.2417045119179099,33.41173746070589,0.31819728173540557,3.353365205490762,30.05837225521513,24.005859869401288
2006-06,1.8229501168201627,2.714513081203875,0.9617531380420538,1.549122494808681,0.2876771975331552,37.489921963893295,0.38215603100473594,4.397983994123684,33.09193796976961,21.62320711497891
2006-07,1.935347499730768,2.765368754579355,0.8821606136254243,1.6758469550291144,0.26428315302621463,35.25638523594893,0.3488930170628353,3.9770198145949722,31.279365421353962,25.657708274218137
2006-08,1.9213977599612788,2.780134625022821,0.9191607479621097,1.808295321374922,0.26410434111110465,34.86848154852928,0.34992784250441034,4.141811584445043,30.726669964084245,25.949040647895156
2006-09,1.9421878793391907,2.8885909264931016,1.0014576646060114,1.763890674059865,0.2883250114848296,35.92074646171874,0.38093769893037155,4.427968887809582,31.49277757390916,25.20667995485878
2006-10,1.798371704028074,2.7150077822630334,1.007564112563164,1.9583124645217551,0.2739399369777595,36.30356892877785,0.364274492453829,4.169897467721828,32.133671461056025,24.92362293403796
2006-11,2.0547018520204423,2.9746269217496364,0.9573039916048232,1.6434613288102828,0.29050809985714854,37.22180238489527,0.38312394644515757,4.443416384244853,32.77838600065042,24.827925997508327
2006-12,2.1057734076829644,2.8751253620665116,0.8020359211938941,1.7461591591651668,0.2552285351205411,32.86155147907321,0.3348976154807977,3.514592122498252,29.34695935657496,30.50624163245993
2007-01,1.8482778041550854,2.545170752656818,0.7653685496107437,1.781911195561797,0.23133797093960545,29.911568818475633,0.3074787365452963,3.295027729390863,26.616541089084766,28.976133566156438
2007-02,1.8283468691708136,2.790327594404452,1.022785472785791,1.7722489988387795,0.2872716473554667,35.97705887749864,0.3805955065779575,4.6769487304856465,31.300110147012994,23.339088289195868
2007-03,1.9736274566059353,2.822034444483407,0.898979145729327,1.5796084818596317,0.2746546330629757,33.67300294941778,0.3628739249416662,4.113530808815973,29.5594721406018,25.252953247247905
2007-04,1.843215755432641,2.766602521811337,1.1442390625463108,1.4834541139771735,0.3086194757346862,34.57989606991154,0.4156369880688108,4.835619098119793,29.74427697179175,25.10837968697938
2007-05,1.7544474428046355,2.8164674760928214,1.1169066597556137,1.5346821274651705,0.30788555437248477,53.54763585274602,0.41002032126376586,5.779795520584896,47.76784033216112,20.861547492646388
2007-06,1.817063855731515,2.6429498361866015,0.884512958103792,1.6978210781896503,0.27184377143737987,43.286344013311286,0.35947532769916063,3.8908263042439395,39.39551770906734,24.620331399375793
2007-07,1.9416811109595953,2.799149783081531,0.8858179490725221,1.6415077386688277,0.27973472681561135,40.420294803391336,0.36624267624745876,4.020443166132034,36.39985163725931,25.353359770051433
2007-08,2.0106023818134284,2.796585421073417,0.8285646680849638,1.7521430987256394,0.2615776781008524,36.41001206368535,0.34422498992994993,3.673112839728999,32.73689922395635,27.954902805961936
2007-09,2.0499394234160238,2.883166813489212,0.8823609776079077,1.789415218448261,0.2731162688430115,36.066345700510304,0.3598899227281198,3.865044840430342,32.20130086007997,28.35935992653238
2007-10,1.9835730752984944,2.851530464385545,0.9357448088085314,1.8375032113969447,0.2674579372249981,36.422520628846804,0.3548269946027375,4.109773159441317,32.31274746940549,28.16753016081438
2007-11,1.8061800740615892,2.6816737392920458,0.9420846981851745,1.8824630520852468,0.2741941997400416,34.98626236038785,0.36417863579741633,4.0212593622423185,30.965002998145533,25.166048922995934
2007-12,1.9915380187572909,2.8527060192389375,0.9018031587682979,1.6018907857543447,0.2815589762339615,34.74323069689801,0.3704358346456222,4.191063988066267,30.55216670883174,25.335932493148764
2008-01,1.9367657543191128,2.753717705992529,0.8816775270381588,1.5874958082566026,0.26975525187723787,32.95332520033275,0.3572970198637395,4.029916456337061,28.923408743995687,26.343322333784513
2008-02,2.0118496880103973,2.8448210463482684,0.8731136998808623,1.5571573500799814,0.2824323293189441,32.35009063127995,0.3716976247474864,3.995767632784364,28.35432299849558,27.234477507455725
2008-03,2.0010204843664905,2.8624157754246813,0.9272786198084707,1.5986527043790988,0.2789820010976709,32.66899695233811,0.36875815831324654,4.144831298830847,28.524165653507268,27.37035803159643
2008-04,1.7181193398691712,2.5469595970945402,0.8986024008315262,1.5869188779010837,0.2721023973897024,34.29274348742082,0.36167796900420857,4.06140080883803,30.231342678582788,25.2186145441986
2008-05,1.7399972614067634,2.552720461098032,0.8602164474750246,1.62109801917769,0.267530187387517,38.67380880095807,0.35273240430847075,3.995040437904658,34.67876836305341,22.30243673783883
2008-06,1.8575718576300346,2.7285358133389064,0.9320000492765258,1.5794772824407113,0.2796050928210018,37.12630745429241,0.3704103029394153,4.281816261078483,32.84449119321393,22.84256533834262
2008-07,1.897372367315422,2.7180781640985003,0.8765199014577095,1.726939729145445,0.2682182590061038,35.016841109950654,0.3543502027620425,3.884717531839712,31.13212357811094,25.83144595856298
2008-08,1.9636466713285605,2.7868240411429053,0.8758204313297704,1.8169798379900608,0.26216074363502656,34.321440468483,0.3468241824198525,3.85709042821247,30.46435004027053,26.59019035240241
2008-09,1.9029575578462856,2.7957781653719933,0.9615035296092364,1.7597719005372818,0.28405490617998347,34.4454879023244,0.3766990903383558,4.178854902703895,30.266632999620505,25.36627468479379
2008-10,2.0439448838557834,3.026950348694274,1.0398743299315634,1.6383343053951238,0.3099253758748366,38.681553901798914,0.4084967333697565,4.649806583932986,34.03174731786593,24.98433981551968
2008-11,2.1235323935200947,2.961234065774144,0.8749520471710975,1.695624564798546,0.2718312219576044,35.14387643229466,0.3575574176025249,3.884386993957724,31.25948943833694,29.507018014945995
2008-12,1.895724353942816,2.695437230478967,0.8552946836174585,1.7030370131964354,0.2606496620735003,36.14479560261422,0.3441594274961984,3.9295483020161233,32.21524730059809,28.106187572863934
2009-01,2.0004732818747564,2.830731043013897,0.8779453361451622,1.6175548916476652,0.275568817384269,35.941986495928084,0.36344980111844555,4.03613141968775,31.90585507624033,26.83685039402067
2009-02,2.0017960794629284,2.713031465306024,0.7485947380949433,1.6778097030291452,0.24849790117220344,31.964510841661053,0.3258934927077221,3.327330056531276,28.637180785129775,29.434168738286704
2009-03,1.8307204906140528,2.6648585080103713,0.9071013127531596,1.7082603311199065,0.2673379311489167,33.5289462046854,0.35625094888830594,4.0212231777174505,29.50772302696795,25.45817189308835
2009-04,1.8166192201213023,2.7068939379697525,0.9571513926651789,1.6191091591236177,0.29177220838365386,34.03742785276238,0.38703079169451965,4.254269601458381,29.783158251304,23.410052840648007
2009-05,1.8574120684246467,2.7398209321370826,0.9452613245584083,1.563591485407476,0.28195662151693246,35.436510562174405,0.37327881015273906,4.3396069367655,31.09690362540891,23.620680171583082
2009-06,1.7858224936732547,2.6047945187742068,0.886026316070747,1.6317054718191484,0.26166863582273586,34.26049384582415,0.3475030018285022,3.971688918282798,30.288804927541356,24.201010403217527
2009-07,1.8437400405010167,2.6768814102993894,0.8881705308838688,1.7967281990461057,0.2673002051433394,34.27307750904112,0.3528608196083614,3.9098293854317996,30.363248123609328,24.396353223731555
2009-08,1.773352627083876,2.73163136481168,1.047845559754328,1.8812767912969592,0.2886932489359026,37.05826296160729,0.3858531066152149,4.462686224377627,32.59557673722966,22.828787819642137
2009-09,1.6219872856668542,2.6343019075348826,1.0987995701988282,1.9011282531857947,0.28533269199986766,40.56739361720974,0.38009471427118313,4.798436340015732,35.768957277194,20.259039457005933
2009-10,1.549558940005147,2.5509039237872777,1.1167284526023833,1.8851322345789903,0.28093453112161143,41.90029845573099,0.3782920451665831,4.773572531133513,37.12672592459747,19.104825776972497
2009-11,1.6787095619312622,2.8048156745367976,1.2120777728028813,1.7276878264953228,0.32649496876998324,48.9487008966508,0.43389886204269723,5.487534556782915,43.46116633986788,17.43994078112625
2009-12,2.0610075777391788,2.8320854226349166,0.7915046151698383,1.7220771806251458,0.24824599188911667,44.671106082112345,0.32357777992116615,3.560183304573005,41.11092277753934,26.323609237683478
2010-01,1.9798712853620803,2.7319964946936204,0.7888576527308223,1.7384740558553597,0.24607130789367623,39.77999286114143,0.3227115729464669,3.4626806966297705,36.31731216451166,29.245107831493293
2010-02,1.9572767364857422,2.6746476323561232,0.7433024079701303,1.787824503838045,0.2364011609541575,36.97072990549531,0.3098643163872909,3.2783150160355556,33.69241488945976,29.069727392352117
2010-03,1.8701127565226434,2.632451636419247,0.8163434404253033,1.885223802877928,0.23987960147632048,35.30674283469714,0.31652999118776787,3.5053872608913315,31.801355573805807,28.16746233599226
2010-04,1.8749188052872205,2.6960657190619766,0.8628886016277735,1.7138555231101358,0.2688765508633516,34.86124432453143,0.353833910976371,3.7955727792301253,31.065671545301303,25.48648677887204
2010-05,1.89084126420786,2.6581664269171488,0.8062693769248659,1.7816786850813764,0.24842200395214648,34.05565821004422,0.3266871526797979,3.5272761917583124,30.52838201828591,26.784631495469398
2010-06,1.7020998942740881,2.534762301639149,0.9068274447694094,1.7506206156543547,0.2624335668704006,34.12067866511371,0.3502919499136264,4.023207634220176,30.097471030893526,23.21175105348672
2010-07,1.981432640516432,2.845268413744902,0.9078383877303203,1.6805087820252724,0.28153115502011444,35.31034915528129,0.37019032403274205,4.081426955652439,31.228922199628848,24.84548663601136
2010-08,1.9927516221736457,2.8346493234653085,0.8944211147218004,1.908195422169304,0.26755726889505177,33.414388067476516,0.35356209094435675,3.8635130705445895,29.550874996931924,27.68169835726442
2010-09,1.770409402925505,2.7265065038998983,1.0529324114222272,1.9749829342949567,0.2797996022432821,35.83458874794995,0.3745252048943963,4.502924331380467,31.331664416569485,24.300464703193022
2010-10,1.9209905744810578,2.8841253351899416,1.0194792483021051,1.8692072421419714,0.29276155587910757,36.07902923853952,0.3870252129438921,4.424764071889095,31.654265166650426,23.61374073614808
2010-11,1.9418949348501877,2.8776006373835137,1.0014636431539488,1.7341885000518924,0.29150028030911185,36.76128665013332,0.38599353626962163,4.364637914442462,32.39664873569085,25.07442158490238
2010-12,2.0666820957856014,2.9319651273970173,0.904780289101594,1.6478831728586374,0.2795998883851057,36.24441129291584,0.367197872435029,4.129201257242953,32.11521003567289,27.56612097605687
2011-01,1.8573661862277673,2.545034310601611,0.7426247205316938,1.7682793873640106,0.23691507592598202,31.50995135090227,0.31264206291361735,3.258693961964234,28.251257388938033,28.915760829663707
2011-02,1.7768040842796577,2.71988039506378,1.02354474613086,1.594298805985607,0.2967805463122178,36.11768787527135,0.396301502438875,4.7675954603581046,31.350092414913245,22.628809723491447
2011-03,1.8809436478390813,2.7414488604071456,0.9090675159908893,1.6695214803900242,0.277139248211603,33.73215711458872,0.36551071208838626,4.098632547752827,29.633524566835895,24.283483857069815
2011-04,1.8608678702340375,2.698874562868407,0.9022275733142531,1.6522349278077553,0.27387548576322196,33.15532248291749,0.3633175390040172,3.978914280811327,29.176408202106163,24.78478461710333
2011-05,1.9170955231850433,2.8166367231615954,0.9529708659170836,1.6129571086646786,0.2876588963330508,34.4190753944406,0.37954741235166695,4.221089168641656,30.197986225798942,24.575896448723228
2011-06,1.8921473382759872,2.6893393990488454,0.8398550112839142,1.7570654837418684,0.2552639495409951,31.775441820751187,0.33610340154515167,3.7502611912862105,28.025180629464973,26.66824903354982
2011-07,1.9478530633417868,2.7577608896076757,0.8654279754466115,1.8561347364642113,0.2612566402148174,31.282137941922667,0.34488240771257334,3.706254229032049,27.575883712890615,26.701895557324672
2011-08,1.8352044463732604,2.726618967048099,0.9638534729526893,1.9832590254352898,0.27726208505238636,31.97772546517418,0.36841935582507884,4.073637253887868,27.904088211286314,25.081496691750296
2011-09,1.9881830767296054,3.0366010126582808,1.1104739411430478,1.7308547210361278,0.31473265874190215,34.306657516965814,0.4166925757251782,4.815863579095457,29.490793937870357,23.784014463470008
2011-10,1.9061524319790235,2.8617865853889817,1.0518372756934804,1.8094537817317617,0.2914496868679292,36.4331340058077,0.38816463731032375,4.537754628580138,31.895379377227563,25.613854063083544
2011-11,1.8693655222655037,2.7203616816158616,0.8966112090711299,1.811058129437786,0.2674604606696716,36.07648704813651,0.3530732903828928,3.982081243869611,32.0944058042669,25.343438463578178
2011-12,1.7547851993714616,2.6426118721965164,0.9609858527306238,1.774242699275983,0.2674559670932087,35.96387399667209,0.3562775572462382,4.30764224133878,31.656231755333312,23.693712251648996
2012-01,1.76977590233239,2.595825210595975,0.8882209493353929,1.6176636246184453,0.26813492767644065,36.78716799876108,0.3545477214387461,4.024575395286232,32.76259260347484,22.878794134065643
2012-02,1.808752341763946,2.6480485045498323,0.9025395194989906,1.6101921863650832,0.27389507891119547,37.767700341292304,0.3637024001911238,4.129830273820611,33.637870067471695,23.177314287159327
2012-03,1.8885283377906785,2.7245477598579924,0.8845269105343356,1.6085695763949464,0.27719952164684764,36.31910159195034,0.36517540499783635,3.9466091930779528,32.37249239887238,24.687584449166486
2012-04,1.721974693572867,2.5642146770880307,0.912082980725193,1.7167937519375607,0.25953926616878054,36.54007672040846,0.34521850528602893,4.120966734746332,32.419109985662125,23.20291516470111
2012-05,1.8940556710382221,2.7414938854091186,0.8913716623835962,1.7176299945757854,0.2692941509338012,35.792497206236405,0.35444851505473624,3.9841454730892227,31.80835173314718,25.009085865144367
2012-06,1.822021476355648,2.5981105144225194,0.8279275907220432,1.7625572634323097,0.2517375085810534,32.93558145862283,0.33306997908258285,3.61120074230416,29.32438071631867,25.61400635117915
2012-07,1.9056272710603452,2.798767929323424,0.9669619409092993,1.7516833065587332,0.28180363327230995,34.75410914611259,0.3734527334164743,4.243328037827594,30.510781108284995,24.46640605627209
2012-08,2.001891115573823,2.8390826003643124,0.8748884127544596,1.9555302114377933,0.2612732161128599,34.338123231983445,0.3439845493544479,3.798968452057408,30.539154779926033,27.51019034309685
2012-09,1.8842957251974737,2.8813079895715754,1.074093021776212,1.8648262199211771,0.30366587637120257,36.48142326502635,0.4032623489868955,4.616195480956604,31.865227784069745,24.8954777885031
2012-10,1.8000151744714141,2.7552693222488673,1.0377098891525511,1.8926003776322373,0.2821277867897708,36.35603406285705,0.3753830410774862,4.418458889767662,31.937575173089385,24.097576942675012
2012-11,1.6593631376087272,2.702421589798281,1.143303530202186,1.8200066327416935,0.29883499313875195,40.27142092254956,0.4006791572388195,4.983579532037593,35.287841390511964,20.144481868680657
2012-12,1.7703894960650293,2.63526661541703,0.9217913358127463,1.6329293125785673,0.27752322764480764,38.12518297637482,0.366789818779467,4.166486686040856,33.95869629033397,22.458102943160714
2013-01,1.8361574924832769,2.6668821226403363,0.8720687451644599,1.7186147366993278,0.26104436899444367,38.13596796457243,0.34405663951179,3.960314368979637,34.17565359559279,23.198021547520955
2013-02,1.9162948381697282,2.671371200742071,0.7917693038572805,1.6622495087703038,0.25304179542595795,36.40658147200277,0.3323190209868153,3.5349474618857495,32.87163401011702,26.178399075220693
2013-03,1.7653179926884388,2.5443045438037757,0.8402569104042853,1.7375421999853433,0.2517604128618635,35.07699265596037,0.33348674088892316,3.698132019441276,31.378860636519093,25.833268186105375
2013-04,1.714896244687588,2.594728662601289,0.9574937840326692,1.717597638549533,0.27360683853083206,37.72686258591604,0.36362589081808494,4.293524789881072,33.43333779603497,22.318359072651603
2013-05,1.8045640427139966,2.733771692559224,1.0030780073096779,1.572860376520552,0.29334397579188887,38.60080335019414,0.38961422680995594,4.468010665589499,34.132792684604645,21.903587764885636
2013-06,2.041362956423246,2.870289799564995,0.8569155074372274,1.6411016125263176,0.2704246039089433,36.42339192845468,0.3540632110577748,3.713215228872535,32.71017669958214,26.82362779980638
2013-07,1.9733568337041265,2.6631866397289796,0.7144651820358694,1.7567197858275667,0.23365851377947647,32.41804271575108,0.30535332511346125,3.1102447550947723,29.307797960656305,29.30421407940682
2013-08,2.0442710109942506,2.9184040219656104,0.9315803630209207,1.8001005051081775,0.2795602505376438,34.487612387689666,0.36968501028786543,3.9936268861069606,30.493985501582696,27.83539389446103
2013-09,1.969080379448126,2.7943556685749074,0.8800445202313346,1.872816541181013,0.2535834451389788,33.78080663670167,0.3350772493021049,3.7798135843214045,30.00099305238026,28.698752056133454
2013-10,1.8090038452341652,2.8613538220553196,1.1493776252675378,1.8169002170789899,0.31050218179711764,38.09918723276309,0.4148973757175013,4.900170120694451,33.19901711206864,22.992440628550046
2013-11,2.1271453177654065,3.0203226022475547,0.928753117356964,1.629637789652341,0.29004737026571326,36.258860464993596,0.3807147269871709,4.140915233898821,32.11794523109477,26.453775597043496
2013-12,1.9206731623499187,2.7245821050710464,0.8569519279243175,1.8133002790672683,0.25187674212605965,33.81113578132005,0.3328583336628347,3.650639139278299,30.160496642041746,28.81283324985763
2014-01,1.732081930103961,2.6256782485525005,0.962061391846116,1.696861116834479,0.2744889326372487,36.79222545019265,0.3641367998084113,4.383290533715624,32.40893491647703,23.583127194483282
2014-02,1.9586573403072463,2.783188700698314,0.8708458129035331,1.6211158142818543,0.26489040254949087,37.7534453867468,0.34950003439009725,3.9972989997357398,33.75614638701105,24.786285898275167
2014-03,1.9904657471348868,2.819517671353082,0.8801461796012698,1.6443503958187464,0.2714091061770251,36.701628196583364,0.3572946892896571,3.864731190969096,32.83689700561426,26.829913848999976
2014-04,1.835206074716218,2.7774619028199026,1.015787763488153,1.6099508810600776,0.29772343783281124,38.18680739102047,0.39593517353373187,4.470095705306685,33.71671168571378,24.992260694403285
2014-05,1.854686266250887,2.7348332109620155,0.93244530410834,1.6383549724994382,0.279884690464439,38.98504681217977,0.3687789164459762,4.179370452044616,34.80567636013515,24.397170017083067
2014-06,1.8525507880403145,2.638554278290689,0.8436087855197132,1.7833073266700796,0.2527763360432193,35.54910306066292,0.33333454965800885,3.5474670943834834,32.00163596627944,26.68631107766115
2014-07,1.9986546825674132,2.8030788264681425,0.8423161775262016,1.7441082438285465,0.2624935589724975,34.460063738682564,0.3453842505683352,3.6960980482820194,30.76396569040055,26.337985329089385
2014-08,1.9060224866043278,2.827063962126979,0.9928568962844844,1.8454500548803314,0.2764748386754308,36.35829493267738,0.36715436945045465,4.32005242685789,32.0382425058195,25.74170560436862
2014-09,1.7372845566092705,2.725487921643675,1.0747166636831185,1.9023911745613173,0.28205624226691994,38.104507932250996,0.3766762522151307,4.5588616870775365,33.54564624517346,23.24958916401481
2014-10,1.9811061454205159,2.9165136505636866,0.9817987661588845,1.7027821617644148,0.2977071655576016,37.78689409491397,0.39215852577250976,4.318624284985586,33.46826980992838,23.907240813784806
2014-11,2.091929130519519,3.0629172343053614,1.0300688099655537,1.6876197783758993,0.29568392556289447,38.16057011561906,0.39055865540558865,4.477902641799561,33.6826674738195,26.898688532913233
2014-12,2.0130954070302316,2.834678500627538,0.8643077128252609,1.6978554343185865,0.2615226441574284,34.23621795141967,0.3442960095890679,3.7662059987932532,30.47001195262642,29.35425752667538
2015-01,1.9420745042314091,2.737781481650962,0.8432561686797756,1.6676464573420968,0.26024231370891304,33.43076760102702,0.3428544895367227,3.72186202961086,29.708905571416164,27.86324606377914
2015-02,1.9548621822047658,2.756715303484072,0.8525157478602318,1.765569477981683,0.2543853980957216,34.05286870738872,0.3357861873926346,3.7487061093206466,30.304162598068068,27.734144223720303
2015-03,1.924166891017187,2.76372205346449,0.9040462490643973,1.6619496970199745,0.2768884309604976,34.04534774910654,0.36697456443992993,3.9034733385387215,30.14187441056782,26.326476430047602
2015-04,1.9000574542788506,2.69402431368441,0.8348444177667015,1.7480572124799356,0.2559110547710148,33.34394291732993,0.3366549980536793,3.6261149793316245,29.717827937998308,26.80628343091892
2015-05,1.8569797101222407,2.7912660979230006,1.0032526809766633,1.6533701795431828,0.28863135325679434,35.895167112570896,0.38369565510490294,4.507016568065743,31.38815054450515,23.822035792889498
2015-06,1.9454000655397437,2.7707108686790964,0.8697771397894719,1.7415392278585904,0.26227481182187584,32.649372150502955,0.34521152413968986,3.7572003087101264,28.892171841792834,26.228752425063046
2015-07,1.7999713905939736,2.6831617148575666,0.9627055528955965,1.840960583177784,0.26859190125992466,34.90006186038217,0.3576302495556518,4.1920149884107385,30.708046871971433,24.545354929695495
2015-08,1.9023056926055368,2.978737554907602,1.1625894403264012,1.8340119646130018,0.31027251459257627,39.284797546785576,0.4139709056515891,4.975244792025937,34.30955275475964,22.882296763732914
2015-09,1.5151502881068786,2.5642680187460605,1.1829383411310403,2.0209576051057256,0.2850121067305264,39.92517493455219,0.38570357347959455,4.9809496353716805,34.94422529918051,20.765993699764028
2015-10,1.7222564354210863,2.734624360606899,1.070040875881395,1.8747965980665255,0.2899378169281496,42.00161214268796,0.3833770213823359,4.629292573383527,37.37231956930444,18.900288678136917
2015-11,1.7820303905055672,2.6048382983225764,0.8657096985762304,1.9513228994585232,0.2467487947004364,37.86424093112476,0.32488916589898875,3.7316494922165204,34.132591438908236,23.86868468749221
2015-12,1.908601394946171,2.776643681040972,0.9231040722330719,1.78302430519231,0.26823793144857244,39.30760535441546,0.35428885969921114,4.089276021057537,35.218329333357914,24.25149851053857
2016-01,1.9447961914930088,2.698520695720772,0.7910742929191663,1.8196538172872332,0.24464909233948864,37.11878825035575,0.32119291698856983,3.560285907162794,33.558502343192956,27.868681829912017
2016-02,1.9462038297038964,2.6473666119486747,0.7375630151857326,1.6019935286827611,0.24950342802302322,34.268868756646505,0.32793934083405596,3.430397137448267,30.838471619198234,27.891513555081012
2016-03,2.008394218886419,2.8140436691455095,0.8471055485782822,1.7118947123679025,0.2611311323834196,32.780887388160906,0.3438331231713912,3.6875209757787673,29.093366412382135,27.774532316755717
2016-04,1.8528086456650035,2.6842364593521872,0.9101355876145796,1.7631091371713525,0.26738474307947,32.56285462743342,0.3543183855617379,3.9136039094734794,28.649250717959937,26.74045159635409
2016-05,1.94980955581626,2.836156380110048,0.9249810354022643,1.6472407122792365,0.2835518419830098,32.868062677500085,0.3725530151929921,4.051912470293624,28.81615020720646,25.749376991421702
2016-06,1.8680756289488734,2.6474594710856443,0.8339307323682505,1.8205437994083744,0.2481226256552578,32.486912849277374,0.3276993736046188,3.6082997434085993,28.878613105868777,26.62900080283615
2016-07,1.897788829206541,2.931600160084117,1.119666416899272,1.7641487118612937,0.309159393973545,36.85028127020081,0.4131598263085998,4.844542282336511,32.0057389878643,23.030221631252697
2016-08,1.9866451390751745,2.819241560278474,0.8773566946733788,1.9495660430275088,0.2568441087393478,32.96735791449266,0.33794878228642883,3.7248856303473596,29.242472284145293,27.515964794050447
2016-09,1.8764662579492637,2.859880570601891,1.0639317215505453,1.713669500615464,0.30135660344049126,35.640409505292205,0.40103937974068643,4.6403392751554495,31.000070230136757,23.680951561555208
2016-10,2.009103962166176,3.017625009290468,1.0756250713743631,1.8456811577081762,0.2970022000865756,37.047091530400365,0.393642107163462,4.623101902022098,32.423989628378266,25.801933363838994
2016-11,1.9589944340404877,2.8320709372040955,0.9428194878858296,1.9192764946249359,0.2693906015083266,34.177449632592506,0.3570583844972226,3.8888746916103427,30.28857494098217,27.49370157974732
2016-12,1.9263428170481145,2.7851735347524613,0.8975131404998176,1.6258088317313266,0.2769803839443921,35.25606197858459,0.3636427052297078,4.122506043967418,31.133555934617174,25.859927291918822
