date,npp,photo,ar,lai,f5,evapm,cleaf,cwood,croot,csap,cheart,csto,ctotal,wue,climate
1979-01,1.78656796846711,2.57431605937945,0.833782611848524,7.35555241481091,0.897082923526854,1.65978445408888,0.262176285094188,34.4419125503193,0.345203004119782,3.87288275833561,30.5690297919837,23.730998425826,58.7802902653593,0.007189229317511,1y
1979-02,1.69381185159323,2.39702317241145,0.74775478506687,6.65912790014416,0.873009528157206,1.83741199060723,0.226344377139766,32.4118522582548,0.299249010181234,3.36885560857279,29.042996649682,24.9101505320713,57.8475961776472,0.00718919335012,1y
1979-03,1.83062224082943,2.65714999316737,0.876776302377191,7.98256299719643,0.917364391781541,1.49992422079417,0.27951653960668,32.6218274502555,0.368874722483228,4.10174514492787,28.5200823053276,22.3633785120903,55.6335972244356,0.009390096605761,1y
1979-04,1.72482146548156,2.42563195798816,0.743151242408623,6.54420220770142,0.890790998591182,1.74781289514175,0.229756093947524,30.4706908273664,0.302924106461731,3.37646694040667,27.0942238869597,25.2747931899368,56.2781642177125,0.009130560651254,1y
1979-05,1.57880959254392,2.44692336883621,0.949912474671035,7.88507063608631,0.900290347189674,1.65690439180221,0.272514273776588,33.3551724023279,0.363785629728065,4.29862745854813,29.0565449437798,20.5385891298688,54.5300614357014,0.008117453847565,1y
1979-06,1.59011381783949,2.35301798189301,0.833368373949418,7.45172266175433,0.876798408459479,1.71429339225251,0.249506679801415,31.7772126584881,0.331837432118227,3.79558423938727,27.9816284191008,20.8751084141474,53.2336651845551,0.006530963981411,1y
1979-07,1.64107517476865,2.51987282766795,0.949412282172194,8.03742300982109,0.875276592283798,1.72019683742071,0.277503781965386,34.6900031775298,0.369122801697551,4.35068739029363,30.3393157872362,19.7701745531421,55.1068043143348,0.0045189471683,1y
1979-08,1.64568582478867,2.48210922973395,0.898003289368248,7.58738380408847,0.84098709647219,1.86386073327209,0.256608814733079,34.9808599180459,0.340346211331174,4.03756608945428,30.9432938285916,20.9661871222552,56.5440020663654,0.004398821311137,1y
1979-09,1.86112197715025,2.66877910157474,0.846750038179995,7.19331696079541,0.875025954486504,1.8131543305868,0.257550796806197,35.2719177903554,0.338841139145621,3.85739541859095,31.4145223717644,23.0868599072237,58.9551696335309,0.005097998712116,1y
1979-10,1.71182725746517,2.39957943024595,0.741123837467339,6.66833200151033,0.83915050908771,1.97485279540169,0.224304577811882,31.7206550891699,0.296973236735759,3.23422350275113,28.4864315864188,25.3436873626429,57.5856202663604,0.005552913860055,1y
1979-11,1.79049921298905,2.70674400508745,0.979352207019429,8.18168404560129,0.893764014948257,1.72534655066314,0.284143621023334,36.2239874673468,0.37666622408428,4.45860532829542,31.7653821390513,21.5954035658837,58.4802008783381,0.005597191077461,1y
1979-12,1.88802605775239,2.63306040983549,0.786151347913934,7.33321638382292,0.905645951956057,1.69117840915726,0.246742612925733,33.2482336390611,0.324429408908283,3.57198171138775,29.6762519276733,25.9032131514902,59.7226188123853,0.007353619667961,1y
1980-01,1.75227676806991,2.45696237263328,0.746995948966516,6.74901179858375,0.882432152843316,1.71212807049067,0.238345836804229,32.5506382744325,0.314182109824228,3.43457852954517,29.1160597448873,25.2935451346922,58.3967113557532,0.007635742026376,1y
1980-02,1.5966317433031,2.53892124566809,1.04721960598393,8.23811934099065,0.873932311030104,1.83136102141464,0.286350561270969,36.1964074782867,0.385128414767986,4.5712782419689,31.6251292363177,20.1898754822423,57.0577619365679,0.004578368323861,1y
1980-03,1.80900355286899,2.61451917211882,0.84295314291758,7.48524490066165,0.902767928065696,1.61097653857761,0.267055210445733,35.0228790407209,0.350671641579325,3.87418043749375,31.1486986032271,22.3721282211539,58.0127341138998,0.009143992196682,1y
1980-04,1.79764812722297,2.44256454614509,0.667486865130496,6.45234304237818,0.89269910676501,1.72623149843073,0.221782598420507,32.2832821384937,0.290206471555953,3.08059460657084,29.2026875319228,26.1736774225049,58.9689486309751,0.007903008847957,1y
1980-05,1.48629750676919,2.30417078718139,0.910255482297402,6.99933468401024,0.870083337317354,1.75252545701437,0.254740162933889,35.7642272499497,0.341440459539009,4.13316935946305,31.6310578904866,20.7975708673948,57.1579787398174,0.006738966751442,1y
1980-06,1.67821294366049,2.47521409403502,0.849174823102892,7.70468408789497,0.892213422834052,1.67196996929742,0.259402424531288,35.2095855453756,0.342616126131267,3.92117217293158,31.288413372444,20.5753261904567,56.3869302864949,0.006024606965584,1y
1980-07,1.6443689676391,2.43105032109956,0.84316969436089,7.46226231374861,0.866554083611444,1.71935689977783,0.25572978239191,34.2935160670211,0.33881541477707,3.88602837532658,30.4074876916945,21.3521673149047,56.2402285790949,0.005920116324667,1y
1980-08,1.77545097971382,2.63374915603532,0.917609699432645,7.84594467324175,0.874675069812323,1.6693497365279,0.27914125471611,36.4313409265256,0.369257074221481,4.23758537007217,32.1937555564534,21.862315069078,58.9420543245412,0.005425162735952,1y
1980-09,1.74127179944352,2.51317286896387,0.832888093421857,7.27086136674797,0.845751569869877,1.82733957936841,0.246521467958988,34.0988291906214,0.327183526278326,3.73306446185075,30.3657647287707,23.650190271364,58.3227244562227,0.005094362347619,1y
1980-10,1.8265860410436,2.66895382544908,0.898306641767488,7.57368439837232,0.875356926181991,1.71482363561277,0.270524424434188,37.2644028773381,0.357342183564623,4.1578801289129,33.1065227484252,23.1745845364731,61.06685402181,0.005876579110007,1y
1980-11,1.86041669572375,2.60253164764793,0.78087377850626,7.04058601173607,0.883173393740673,1.74970865793264,0.250791519730812,33.7012074973417,0.329579792789206,3.40098775945377,30.3002197378879,25.8468357112131,60.1284145210748,0.007124525014206,1y
1980-12,1.71385602056028,2.57657780814311,0.93156661051862,7.76769415290299,0.887485446066608,1.74377838005754,0.263943268376728,35.1970960518209,0.350734833380214,4.24937721479982,30.9477188370211,22.9455164449544,58.7572905985323,0.006773420010382,1y
1981-01,1.88328878762554,2.67358953514491,0.827926490062076,7.77271997835206,0.916593913405277,1.54760930892575,0.26276243648011,34.0414671548508,0.345696013126068,3.89975052280019,30.1417166320506,24.3172464052694,58.9671720097264,0.008911251454071,1y
1981-02,1.95469500579088,2.66759431254925,0.745355419887067,7.12868538919855,0.916365945844294,1.57079960567756,0.247679885910522,31.1511279293666,0.324937540992937,3.40271751563883,27.7484104137277,27.1819845441442,58.9057299004142,0.009901425446242,1y
1981-03,1.72436491753714,2.43436459597956,0.760815483754063,6.8200229504786,0.871956779824873,1.80734279383858,0.229907157409423,30.5605488324689,0.303860861095323,3.42214692913162,27.1384019033373,25.9798914944645,57.0742083454382,0.007030334014832,1y
1981-04,1.64335114929907,2.53285119700273,0.96917110206561,8.03895940840988,0.896889997849971,1.63468984453548,0.28064499462939,34.8228445024446,0.37428473498498,4.39718744468713,30.4256570577575,20.7268046160098,56.2045788480688,0.008478826761151,1y
1981-05,1.6924799950678,2.44211848747999,0.805002734640579,7.58464070456415,0.898073393143876,1.64284838611168,0.247807206749115,31.8338793715467,0.327505362616554,3.6512369498731,28.1826424216736,22.8874748569172,55.2966667978295,0.007350526763109,1y
1981-06,1.60274277040441,2.41673508924251,0.876973486451228,7.33369326222074,0.880579715570274,1.68970002335604,0.265161407044218,33.5404933825045,0.351870297942735,4.03005668646536,29.5104366960391,20.5942606614844,54.7517857489759,0.00629427203322,1y
1981-07,1.7536495513936,2.49359604860118,0.783242084406554,7.23843282952409,0.868262508924707,1.6988727201643,0.247585050937509,32.4263638620558,0.326533746177903,3.66169484443614,28.7646690176197,22.8186419803702,55.8191246395415,0.005243079794192,1y
1981-08,1.66036374559002,2.52730384916242,0.943375585663128,7.9579715167725,0.847282981435259,1.7121625026893,0.278820286460732,35.7389857349256,0.371342215546569,4.39028928378624,31.3486964511394,20.670783593298,57.0599318302309,0.005140577321101,1y
1981-09,1.91785234119432,2.72828768687251,0.856163237023705,8.03467192250892,0.8930693415275,1.63880346734706,0.270533605163412,34.681082438961,0.356654828153838,3.96080987801928,30.7202725609418,23.7903390538945,59.0986099261728,0.005260005144362,1y
1981-10,1.67674798532656,2.53736698674126,0.953833129295993,7.45110071753989,0.849505151260874,1.96112737629079,0.259355436976725,36.2771994729528,0.346430645016911,4.146629131363,32.1305703415898,23.7612506993789,60.6442362543253,0.00428266612658,1y
1981-11,1.8716594739333,2.66212045482752,0.813983599724368,7.02261863162569,0.888154472961109,1.74854334727617,0.256390729271452,37.4930559839195,0.335898161446849,3.76945733679284,33.7235986471266,23.7961746829892,61.8815195576269,0.006385306670248,1y
1981-12,1.64302156174704,2.38646196765799,0.802944588288117,6.67512441744101,0.858106389797034,1.92472561004311,0.235182611864264,34.4741624836209,0.312520226215469,3.49703877270288,30.977123710918,24.200043878291,59.2219091999917,0.006351724825209,1y
1982-01,1.76156293223565,2.57294664109327,0.868235102267749,7.90006369047519,0.89859249008413,1.5661541198967,0.272176177775807,35.6924815974615,0.359020110414695,3.97158915503296,31.7208924424285,22.1263748125633,58.4500526982152,0.010118847932054,1y
1982-02,1.90715034723632,2.65596956972302,0.772843020378039,7.18470270216695,0.916603879327065,1.59420833551463,0.25182423294582,35.1628350556129,0.32977422699702,3.6697742720706,31.4930607835423,25.1262247071571,60.8706582227129,0.009726036311936,1y
1982-03,1.8744278902623,2.61675138328809,0.783363050181325,6.86878625204372,0.907894474883812,1.66004778291364,0.251734366107155,33.8858259047349,0.331423507766905,3.56058830076921,30.3252376039657,26.1852161905477,60.6541999691567,0.008528933576211,1y
1982-04,1.67142892384359,2.41714938213844,0.811860526600077,7.00166996031658,0.89029739368183,1.69678411622642,0.240715586292637,33.9825337057361,0.320237862340997,3.74438284826998,30.2381508574661,24.2360052079311,58.7794923623009,0.00868320192322,1y
1982-05,1.67353886773357,2.47161327085063,0.850382924268969,7.39926345610974,0.89936477344503,1.63945689061938,0.258294192307832,35.7857447790743,0.341503563507159,3.93727012196179,31.8484746571125,21.814456785146,58.1999993200353,0.008595643924359,1y
1982-06,1.53762345770372,2.36524170737893,0.916011579409994,7.83608394343815,0.863729359042491,1.70833204137569,0.266832374918533,34.5196707121727,0.356638643903576,4.07525656127217,30.4444141509005,20.0043222782279,55.1474640092227,0.005777440224843,1y
1982-07,1.71546955419475,2.56657713660262,0.904098666779994,7.81434328924517,0.867494543151281,1.63323013151164,0.276226560161252,36.6351206361494,0.364722657335461,4.22368098740042,32.4114396487489,20.4210077596136,57.6970776132596,0.006011843999283,1y
1982-08,1.53553360715773,2.31423146236392,0.858893706599212,7.22659642322799,0.79293186948351,1.85357385795545,0.241985775829161,36.3868143545712,0.323320621046356,3.87893465489414,32.5078796996771,21.2882564561775,58.2403772076242,0.004333686226785,1y
1982-09,1.5878257561429,2.57946810138381,1.06586136902579,8.67053449023586,0.823615037051562,1.67915274440741,0.301448201103664,41.0668618840112,0.400709067326782,4.88733452037625,36.1795273636349,17.3724329110095,59.1414520634511,0.004399883949539,1y
1982-10,1.48509864875144,2.34360489369777,0.94787885184481,7.74781866905794,0.769291809936175,1.83477857910765,0.256078806955063,40.3099167040845,0.342650699004767,4.27014385667581,36.0397728474087,19.1293072012402,60.0379534112845,0.003984871321628,1y
1982-11,1.59108687887376,2.50582028178606,0.966039726423478,7.93360290668245,0.807762855912885,1.69681597703103,0.278871809422377,42.1398494385832,0.368107861625239,4.40409997853891,37.7357494600443,18.0919970493882,60.878826159019,0.005477292130361,1y
1982-12,1.56576184609285,2.24704998991224,0.720788021136108,6.36180710838245,0.799294068197406,1.74636830123089,0.222033391187825,38.90334813553,0.29243664108481,3.42805460925931,35.4752935262707,21.2300684406841,60.6478866084867,0.007220575360771,1y
1983-01,1.59878924945228,2.41742522450235,0.886740932001569,7.38587657843359,0.827241437659355,1.83635511947263,0.256670490751825,39.5528520557259,0.340824688455889,3.96726237529575,35.5855896804301,20.5346424086753,60.6849896436089,0.003863106125738,1y
1983-02,1.63231966691039,2.37160090495241,0.792673733374904,6.70052575734387,0.826093995263734,1.80685243624823,0.237822004025302,39.1311807344355,0.314613446072783,3.66088840475035,35.4702923296851,21.5798856413967,61.2635018259302,0.00527297748164,1y
1983-03,1.53617775583644,2.28411396598557,0.791055489604847,6.69277234503576,0.825376874704155,1.89785338068852,0.232417350829799,37.5409744914543,0.306537648595156,3.55230658820531,33.988667903249,20.4908090561919,58.5707385470712,0.006876031420023,1y
1983-04,1.78298314553314,2.59402981348149,0.854985684303869,7.63032068690773,0.904431847423823,1.63769738419263,0.262608885288109,37.0663310227576,0.346030088866425,3.92145285304478,33.1448781697128,21.963824364784,59.6387943616961,0.007582207120479,1y
1983-05,1.63141522660369,2.30089267784894,0.702982163078162,6.05308956855891,0.858366846651064,1.86156809954153,0.217458117109232,33.9369988174662,0.285647192821015,3.11782720227145,30.8191716151948,24.1511375716832,58.5912416990797,0.005749507235747,1y
1983-06,1.44581365333131,2.22187400575342,0.860423590525187,7.15808831517497,0.837777351174377,1.77889477759843,0.246999296407324,34.5985572126721,0.330607946052161,3.89366965446624,30.7048875582059,19.5644781774576,54.7406426325892,0.005833082100406,1y
1983-07,1.71834641567342,2.51853901817898,0.83577582831726,7.50823769932457,0.870717769110134,1.67563212575102,0.260083688181364,35.9162773987367,0.34166144660237,3.85271354100413,32.0635638577326,20.4758966626486,56.9939191961691,0.005522803882325,1y
1983-08,1.76349203705926,2.51097629205121,0.797124457434613,7.3485438958789,0.85406375063166,1.68756437011109,0.245487427226453,34.3047981896683,0.324553210453266,3.66501655038322,30.6397816392851,23.3139477316342,58.1887865589822,0.007185861334044,1y
1983-09,1.76970549118777,2.64209845343122,0.944248344958191,7.6568471006899,0.85723377461888,1.69850452668895,0.273449104136736,37.6042946861791,0.363178313912993,4.27491082284983,33.3293838633293,22.4849724755186,60.7258945797475,0.006052365398268,1y
1983-10,1.93533536539174,2.68422988287049,0.776596731832585,7.2862570109675,0.880520468415098,1.65528653378964,0.247719725460851,34.9919957942122,0.324693187548698,3.59851465776787,31.3934811364444,25.7801421430937,61.3445508503155,0.00803168374446,1y
1983-11,1.79596797917301,2.5179888508851,0.763485820865125,6.79813935887802,0.857071860489959,1.78335161491691,0.235103450846792,33.5983922694305,0.309349838998578,3.45892623671436,30.1394660327162,26.4740684898852,60.6169140491611,0.006804723947677,1y
1983-12,1.7943851458089,2.56338187625724,0.820517432027626,7.36226000942026,0.890786988863287,1.57753648255273,0.265509156102979,34.4727404135987,0.350903311935945,3.77596546172152,30.6967749518771,23.661897245224,58.7510501268616,0.008959528257885,1y
1984-01,1.8378640648499,2.62611432277068,0.845160799227395,7.75656099599753,0.904088071117552,1.56136984773791,0.260244103387563,34.3851561455072,0.34449365245494,3.91971232148548,30.4654438240217,24.2363598189123,59.226253720262,0.00873320743802,1y
1984-02,1.95722734034197,2.66312882409493,0.737452839459012,7.08508685118196,0.917475297265594,1.55269140384534,0.245182167087862,32.2872960232746,0.321096693544228,3.46283214090951,28.8244638823652,27.3227705843126,60.1763454682193,0.01047532424377,1y
1984-03,1.73793551132107,2.44038449339367,0.759309269961555,6.35717075209659,0.867835531244901,1.75582430333391,0.241102462389046,30.5514366812939,0.319435622430935,3.33016104899054,27.2212756323034,26.8664466436672,57.9784214097812,0.007917272823182,1y
1984-04,1.61401420275946,2.45377829406688,0.914226222956619,7.71185479327534,0.885600903143819,1.6182483606781,0.268519099511106,33.829682618952,0.358164778600383,4.23785001526272,29.5918326036893,21.1808208061429,55.6371873032064,0.008865161100416,1y
1984-05,1.68610723841079,2.56185750683872,0.934675579695108,8.64321374166614,0.917633987356802,1.4807459162748,0.284778070119493,34.6267981897024,0.377099972116776,4.35642676736378,30.2703714223386,19.9050628359722,55.1937390679108,0.009608196056284,1y
1984-06,1.66533794790755,2.47250807027075,0.878477758259434,7.38052860608935,0.884267067425053,1.65336605964342,0.258493632235022,34.7674856851376,0.342793847683178,4.06716093002343,30.7003247551142,21.7943303935518,57.1631035586076,0.00665065005332,1y
1984-07,1.69053290438543,2.47655502636164,0.835780311085497,7.44118397295308,0.859275055588855,1.66301286161964,0.255439892195095,34.78725238219,0.338061258501013,3.92282991387696,30.864422468313,22.0145277402725,57.3952812731586,0.006348213194471,1y
1984-08,1.68872983020135,2.5178507775752,0.895306244253809,7.48034714003173,0.829858510607795,1.72591200858389,0.268346908111378,35.856632728012,0.356035634027468,4.10419853906009,31.7524341889519,21.6819230261131,58.162938296264,0.005702969597225,1y
1984-09,1.74763669812274,2.57132681755218,0.886007712204536,8.01135549207658,0.840186437177857,1.62649746268361,0.264352542136438,35.3177663283966,0.350576521669265,4.09801480580729,31.2197515225893,22.2514019393413,58.1840973315436,0.007420121991804,1y
1984-10,1.68810823487066,2.56287806706555,0.952014495821023,7.80619686100601,0.825129361357696,1.67720505673414,0.274745384195006,36.8383051711502,0.365973845821612,4.35329082825736,32.4850143428929,21.4863552290366,58.9653796302035,0.006390198712502,1y
1984-11,1.63299105012833,2.51867749952742,0.956484173972774,7.95900270087641,0.824473024392506,1.68525294693937,0.269554590606421,37.9800165190531,0.358753713099544,4.39751040307213,33.582506115981,20.6789630860402,59.2872879087993,0.00668338836522,1y
1984-12,1.69862948124088,2.50647422503511,0.854646607915514,7.49047066512051,0.84877714725247,1.60386172243772,0.262440038615568,37.1381003837856,0.346046521121134,3.99816608882869,33.1399342949569,21.4606307606874,59.2072177042097,0.008911229492589,1y
1985-01,1.75885044829827,2.48095759522208,0.759520545301369,6.92036255407347,0.869977085837281,1.69799031308221,0.241664999340546,34.3189016652029,0.317920157869562,3.48327787450124,30.8356237907017,23.6839869070393,58.5624737294523,0.009670942815095,1y
1985-02,1.80077678261856,2.56335695890434,0.813011932283469,7.02866304244279,0.885591681807775,1.62610206725129,0.254554614902037,33.3586896661056,0.335946353126063,3.70583215134172,29.6528575147639,23.886581279496,57.8357719136297,0.010012370848804,1y
1985-03,1.75847237445534,2.50016949212119,0.796438862065178,6.91119401800554,0.87564423936466,1.73442548980132,0.245702287634376,31.743582575851,0.325314445129183,3.52521106188043,28.2183715139705,24.8350055003282,57.1496048089427,0.008825917695325,1y
1985-04,1.6431068750669,2.44479414632019,0.861535014726154,7.32529360851977,0.871372898458061,1.73530496561277,0.253822342247473,33.9993796302153,0.336228627936545,3.89178520001152,30.1075944302038,22.4341866984982,57.0236172988976,0.007636992045979,1y
1985-05,1.70075623305242,2.48177280057051,0.828186095839271,7.61677878162459,0.897105465006904,1.58025447922332,0.259995766275684,33.7072874433982,0.343000550398863,3.82877824804159,29.8785091953566,21.9764887642885,56.2867725243613,0.009635063382296,1y
1985-06,1.72794621622142,2.47077424386734,0.794136981287169,7.06352487676841,0.890344290555851,1.62122376647813,0.246478726307617,33.9222916733288,0.326079287161287,3.71316331609204,30.2091283572368,22.7018687534083,57.1967184402061,0.008659537269955,1y
1985-07,1.7005258220118,2.448745025849,0.813227344722347,7.04240078523644,0.863945838772801,1.66333144432734,0.249918436013589,32.6883808980778,0.33187960392837,3.75650023766512,28.9318806604127,23.2105127731498,56.4806917111696,0.008329585323194,1y
1985-08,1.71384465135792,2.59127266771672,0.95030588012214,7.97658133576438,0.858549139492186,1.62629750006581,0.280286030483936,34.7952012514698,0.372984088611609,4.39162591259219,30.4035753388776,21.1989804271922,56.6474517977575,0.007438601496015,1y
1985-09,1.73140497077541,2.6136231607114,0.948270080740199,8.3988998963339,0.843612012743625,1.69587009142694,0.277184015724822,35.2186221594404,0.367391478008409,4.27572584727603,30.9428963121644,21.6884307527851,57.5516284059587,0.005465142123408,1y
1985-10,1.67708352855319,2.52756395259266,0.915452294855579,7.96801114643452,0.811214534198531,1.72337701290225,0.263943275159432,36.0365615194542,0.349746979919706,4.15762569800911,31.8789358214451,21.714416156957,58.3646679314903,0.005110316118387,1y
1985-11,1.75740375144485,2.63203018322984,0.934997249492021,8.07427786457544,0.844363492313407,1.57831358389428,0.277657823727122,38.7409016633946,0.3682366312668,4.37183958652729,34.3690620768673,21.2200895401589,60.6068856585474,0.006492026789408,1y
1985-12,1.74338762533946,2.39899839912376,0.697417229759297,6.67829802901946,0.84907656366205,1.68614696594696,0.221401913431081,34.809529577151,0.291323243472145,3.18689662936167,31.6226329477893,24.6377719083126,59.9600266423668,0.011528292272332,1y
1986-01,1.81458331485422,2.64017718581349,0.876876232765646,7.69195042091991,0.899941183387255,1.5260991436411,0.273321894195634,35.9788139796222,0.361650426828342,4.14264954934387,31.8361644302783,23.2003440687432,59.8141303693894,0.011884385752317,1y
1986-02,1.912376566944,2.59384786543396,0.716351680117194,6.76879308235958,0.890328666708143,1.62342576253156,0.234554616606885,31.7667830753628,0.307698323978056,3.27753742437354,28.4892456509893,27.0674762548496,59.3765122707974,0.01154243740612,1y
1986-03,1.7692163234143,2.45561846250372,0.725750620660117,6.68708946036599,0.874848391963562,1.656400367126,0.228766028230739,31.0572841318696,0.301265539754769,3.42943056338656,27.6278535684831,26.474404594162,58.0617202940172,0.011161231642987,1y
1986-04,1.74376311650168,2.61401597045996,0.93966723286516,7.94122589271206,0.900948739245032,1.53838208171578,0.282701882921694,33.1710927325653,0.375374838340884,4.2964151632822,28.8746775692831,22.2510869646513,56.0802564184792,0.010236738148755,1y
1986-05,1.62161277814263,2.36482766143715,0.803240881779016,6.99146519773405,0.868788431622758,1.71360052488383,0.24349596050521,31.6085478344973,0.323236298692631,3.64259434283966,27.9659534916576,23.2922149683671,55.4674950620622,0.008494818646308,1y
1986-06,1.61842340452229,2.46665768701734,0.921184949847269,7.81888613158162,0.879317141603249,1.54607767461337,0.273211941054089,35.154505199992,0.363661847746735,4.28730561627165,30.8671995837204,19.705452263516,55.4968312523088,0.009906134134759,1y
1986-07,1.70464588069672,2.48367914606093,0.82962082553518,7.49690304345177,0.874994605600693,1.5499688675259,0.262490244620159,34.7887636056506,0.346666344242905,3.90644296921264,30.8823206364379,21.1941789783398,56.5920991728535,0.009235590550927,1y
1986-08,1.61294768543662,2.53190193799415,1.01588137682376,8.39125847040394,0.822125037079562,1.75515475045124,0.276356792367036,35.7835042224364,0.370140553854824,4.50367353141882,31.2798306910176,20.2671654376744,56.6971670063327,0.004329851777691,1y
1986-09,1.63415979235806,2.48751752092148,0.916539107343699,7.95516664786964,0.806153462203737,1.63978342289473,0.266739172811774,36.698268035602,0.353805599054158,4.31704040188766,32.3812276337144,20.4383842555491,57.757197063017,0.006181692272599,1y
1986-10,1.63361064093219,2.47718928940596,0.905240188386522,7.80008507279578,0.799021624900772,1.63840783930493,0.271088268449093,37.0940879381884,0.359537997718954,4.15969499807298,32.9343929401154,20.2036896225498,57.9284038269063,0.00686307336055,1y
1986-11,1.6905722973186,2.49118910014633,0.860064715723586,7.55047871323258,0.823179105103232,1.65122538456741,0.257948167418827,37.2977982215917,0.34162332384594,3.92830903673182,33.3694891848598,21.4881521963893,59.3855219092458,0.008021938494652,1y
1986-12,1.70957377674039,2.53393501792889,0.885410837725546,7.38802995222178,0.847400462475483,1.65017351631919,0.260898633735361,39.2685352357423,0.345361378911249,4.06549884501144,35.2030363907308,21.8646313767112,61.7394266251,0.008896836551707,1y
1987-01,1.8239997721166,2.52977403991529,0.727695707644275,6.6914683273408,0.863145572065691,1.61333067105712,0.233043355706892,36.8293375629498,0.30526345890509,3.45768573895171,33.3716518239981,24.5498604182661,61.9175047958279,0.01141302180996,1y
1987-02,1.75132430102111,2.4604019074492,0.767198034665431,6.69731720758645,0.851988449859532,1.70676972240389,0.233423759788058,35.1171202434321,0.309233557684165,3.4448900122625,31.6722302311696,24.8342802746555,60.4940578355598,0.010970278150635,1y
1987-03,1.76159587660133,2.54638894809976,0.831618180060826,6.953071441237,0.869723839970757,1.69723897608711,0.255800687852096,37.048890353235,0.337395686052131,3.77120148649561,33.2776888667394,23.8083843590896,61.4504710862289,0.009604386814202,1y
1987-04,1.62729913924648,2.40550359548702,0.83908745396337,7.56127084559493,0.87833633108211,1.66202969587039,0.251300963778788,37.0685899410618,0.332793402352004,3.83696418965296,33.2316257514089,22.1585685623035,59.8112528694961,0.010329697935717,1y
1987-05,1.64355434303286,2.48556292291055,0.897617092140834,7.49176941888683,0.887149760481736,1.63034924444696,0.265413033489457,38.6172266086132,0.351540497560069,4.16858394772326,34.44864266089,20.7370282134019,59.9712083530646,0.008246462080161,1y
1987-06,1.55571210732203,2.28981836755403,0.7963946135623,6.98936603016821,0.838146350555591,1.69318018407083,0.236705261692541,35.5700049420084,0.314625663067437,3.66502497446792,31.9049799675405,21.3111163780508,57.4324522448191,0.009270469749174,1y
1987-07,1.53613294581264,2.41720721052957,0.957262743978274,7.88158740036916,0.81769120824489,1.69869132271907,0.27487467710475,37.115435795077,0.365629599274413,4.25223321151595,32.863202583561,18.9895984928667,56.7455385643229,0.005787617256392,1y
1987-08,1.57445821089627,2.48201828253606,0.989408572004368,8.3432173375245,0.807168956637821,1.62672937365073,0.273908030203179,39.1583066922737,0.365149125487601,4.54812079879386,34.6101858934798,18.5691954250737,58.3665592730381,0.006810332648226,1y
1987-09,1.3786864152172,2.24920752035856,0.945162128878713,7.55652859062059,0.734047792267383,1.73987137904524,0.259999482328104,39.7531143855778,0.346452374349679,4.21048446696876,35.542629918609,17.7507047142692,58.1102709565248,0.004941845630743,1y
1987-10,1.31502734227797,2.2676365293276,1.03279476644319,7.97225268548347,0.715475977130837,1.69192060611026,0.265457028271492,43.4791080269108,0.354024445803149,4.72205369172101,38.7570543351897,15.0638228323834,59.1624123333688,0.004378722847739,1y
1987-11,1.21396302057817,2.0472821362096,0.893341490862443,7.25709504515542,0.660838517225733,1.63018402026423,0.246409015385494,43.3262299684398,0.3270248030211,4.09984775315422,39.2263822152855,14.1747911823771,58.0744549692234,0.005991783250212,1y
1987-12,1.08229887337055,1.90357751644044,0.876467183599705,7.08289564175004,0.658744943184118,1.58922724577664,0.239553470405303,45.0390212172056,0.317406847979712,4.15979905796588,40.8792221592398,12.770534211293,58.3665157468836,0.007184087106534,1y
1988-01,1.32733609782494,2.04079271696062,0.747132656168699,6.69598344629864,0.6859972658065,1.55131845451112,0.230856833085098,44.2068127346671,0.303202566025502,3.52460018141207,40.6822125532551,14.4230866322988,59.1639587660765,0.010392877485529,1y
1988-02,1.44699582797491,2.18213868886289,0.78220186180771,6.75430332247708,0.727599023069167,1.61647046258001,0.233308888925289,43.2846516457665,0.307740718524953,3.60978387376211,39.6748677720044,17.1556752833965,60.9813765366132,0.009971564184455,1y
1988-03,1.2891979811905,2.06770935105727,0.868864249235468,7.30893394476185,0.718036170818652,1.65438108865929,0.242397090001232,43.1054339886946,0.323908356586797,3.95796489717889,39.1474690915157,17.018751880921,60.6904913162036,0.006478699489866,1y
1988-04,1.44467181648789,2.31420519834176,0.901496814290997,7.79967792001261,0.778305706891579,1.49372405718034,0.264750163105972,50.0402133556901,0.348111901841215,4.50656500465761,45.5336483510325,15.1534879327813,65.8065633534186,0.008104871173256,1y
1988-05,1.31950771365331,2.02249324610288,0.753892080984172,6.57703681667356,0.72377743489849,1.59583129162268,0.224429538189998,46.168743491831,0.296649028765671,3.57224394902735,42.5964995428037,17.4704243599628,64.1602464187494,0.008879364096113,1y
1988-06,1.31268802022456,2.08439534926709,0.832022192261644,7.13022934993975,0.73067259659546,1.55137325762293,0.245021344568646,46.8522170520141,0.324584866909465,3.96105482940473,42.8911622226094,15.5402294315015,62.9620526949938,0.008126905570619,1y
1988-07,1.24977397980361,2.01327006439649,0.825304582617635,6.93075079457787,0.684050966721056,1.55236209929338,0.23623490806473,46.9374107478642,0.313834620236142,3.97417174115758,42.9632390067066,15.6124345960016,63.0999148721667,0.007088485649671,1y
1988-08,1.01570406087207,1.90364400651933,0.95060305668746,7.42726582904504,0.604947048449546,1.49458747959512,0.247680903992662,50.8279327247719,0.328960363009547,4.66177101997608,46.1661617047959,11.5031836426872,62.9077576344613,0.004204649801952,1y
1988-09,0.706467394603126,1.57232903222495,0.920227176565624,6.8873043045033,0.495213014735128,1.41039004747061,0.233615692806535,52.3697375325108,0.309413344439063,4.55499397063931,47.8147435618715,7.30134949053936,60.2141160602958,0.004463014459453,1y
1988-10,0.705605826871297,1.38878044996501,0.695472839368464,5.72712581955019,0.445534777945123,1.47278798749225,0.196038725948686,48.8444261135682,0.255373598258483,3.34077981041516,45.503646303153,7.00086057562513,56.2966990134005,0.00452010391065,1y
1988-11,0.831766399097657,1.45071082449491,0.627176632371214,5.54990788326335,0.483654064201872,1.50744203520189,0.190195196779044,45.0895540177657,0.247189503959486,3.01765971111041,42.0718943066553,7.95500425179338,53.4819429702976,0.007011415060114,1y
1988-12,0.988822292486916,1.65750522325181,0.691866296709672,6.10780075840384,0.554214969526603,1.50290450709822,0.209307286983104,43.4809470010309,0.273912040932471,3.25774252981154,40.2232044712193,10.1347457591963,54.0989120881427,0.00793265109179,1y
1989-01,1.06316968233594,1.7366509642781,0.706383190153079,6.24347446722213,0.593699782166599,1.50213503028909,0.219547639105898,43.4462995431263,0.28816505607498,3.3359077439258,40.1103917992005,11.824303736874,55.7783159751812,0.009423119954253,1y
1989-02,1.39648749450962,2.09591106700454,0.72767818668973,6.90663486045946,0.696092645776566,1.43030485050163,0.230957800974834,44.281604993002,0.303114311787694,3.54961646544307,40.731988527559,14.8197040747309,59.6353811804955,0.012055282205598,1y
1989-03,1.32346690821024,1.97952897358427,0.688070983468864,6.13090129823326,0.670619881499739,1.56178515916709,0.21659644119766,42.398001711312,0.284418500205445,3.24084611119368,39.1571556001184,17.5185496841322,60.4175663368473,0.009320944066892,1y
1989-04,1.31636304293736,2.09886216910245,0.838594116581172,7.24688680590725,0.718730892774461,1.48444513480863,0.247868013741457,44.1164730685999,0.328384376885764,4.0508867312933,40.0655863373066,15.1519227924998,59.8446482517269,0.009837701806879,1y
1989-05,1.35232859350147,2.06825894109959,0.764363630613556,6.92281569591786,0.749707897428779,1.50150828298974,0.240393386044038,41.982007681815,0.317386665609265,3.61257616501569,38.3694315167993,16.5830958155204,59.1228835489887,0.009707853477756,1y
1989-06,1.48098315380052,2.22418847041651,0.78868281467279,6.96021126274912,0.782383189047202,1.53988676135043,0.236334363512407,42.959229236295,0.311387109590093,3.8036865364404,39.1555426998546,17.7447969537633,61.2517476631608,0.009381863920388,1y
1989-07,1.44343133306149,2.15682402863409,0.774347280830606,6.6819991985272,0.737163305695881,1.54721597816503,0.23599269849914,40.4439157019077,0.313058221721245,3.6784636018859,36.7654521000218,19.0219206632221,60.0148872853502,0.008889235702046,1y
1989-08,1.2305344949477,2.19687373445619,1.05591248439918,8.27772415384682,0.701005210496941,1.54583433127337,0.276234557904383,45.5189027818005,0.369802692049457,5.06751154276481,40.4513912390357,14.0792419568221,60.2441819885764,0.004514790298641,1y
1989-09,1.05563030068584,1.89436976895528,0.89538426801791,7.32334302130944,0.597456554225273,1.51214803135624,0.243672823302614,45.4047193312226,0.322803610258901,4.32056215547332,41.0841571757493,12.4586786053292,58.4298743701134,0.004520617291327,1y
1989-10,1.07702854919719,1.83395496082493,0.790590028744707,6.83570170794923,0.575078179864802,1.47816295378783,0.228167043983406,45.6062123079955,0.299890776781295,3.79844603323715,41.8077662747584,12.2394772422388,58.373747370999,0.006212648706467,1y
1989-11,1.00481469820528,1.78375564998998,0.81795458755952,6.74427463535164,0.571362391062376,1.48802065460907,0.230991642579934,47.0553460454526,0.304239901494871,3.90053717577611,43.1548088696765,10.7610835895607,58.3516611790881,0.006179766306577,1y
1989-12,0.919597662558771,1.69447746321623,0.813855928842925,6.70794989017767,0.563274342772292,1.47590395383887,0.225679234442782,48.4920833461132,0.297235395238553,3.92726054165734,44.5648228044558,9.61742107881735,58.6324190546118,0.00662961608062,1y
1990-01,0.891983382910346,1.59483643561426,0.736053593797585,6.26844392728675,0.531257129137706,1.43981178933173,0.213711703539472,47.6890354008183,0.280691331443225,3.56367018241951,44.1253652183988,10.1368079401676,58.3202463759686,0.008058833045615,1y
1990-02,0.885005215348226,1.58202973088846,0.716927337187802,6.26902337854611,0.524457420912768,1.40427778506659,0.208856356369841,47.2349976799432,0.273362233513787,3.56867625056626,43.666321429377,9.17087295728087,56.8880892271078,0.00673755587357,1y
1990-03,0.868140310387633,1.54571031703293,0.698906268431799,6.03105362341657,0.513776839804753,1.42503741346889,0.2087948203333,45.5059432210243,0.27297619688455,3.37388031380601,42.1320629072183,9.35388130695011,55.3415955451923,0.007762586127275,1y
1990-04,0.886183426122724,1.59589741908383,0.735667214002346,6.47289887820558,0.541372325404334,1.37993876909329,0.215091364557998,45.8081670832861,0.281981739838372,3.61100661736096,42.1971604659251,8.82723162393544,55.1324718116179,0.007791893227216,1y
1990-05,0.801979000846273,1.53540110196647,0.762920519332389,6.43534871235944,0.540629421227894,1.38859836336426,0.216634912600419,46.9404354771424,0.284294614167527,3.72491175716749,43.2155237199749,8.08592787000162,55.527292873912,0.007420117353165,1y
1990-06,0.748263251044896,1.43742519967732,0.712469433103314,5.99931816560644,0.501893402699282,1.40775306099644,0.204340360233353,45.9698865337723,0.2674785624044,3.41516452518706,42.5547220085852,7.8821552112101,54.3238606676201,0.007393437619371,1y
1990-07,0.79818217708217,1.42700911227147,0.641674399448817,5.77357391780516,0.489000440286224,1.34702437860613,0.198657278037794,43.7433268455428,0.258804265017661,3.16635890967131,40.5769679358715,7.89391360749806,52.0947019960963,0.008086058650629,1y
1990-08,0.712000452406007,1.45878096286717,0.7718306536052,6.34938960875591,0.468087414340429,1.33020764465383,0.218448739524749,44.0173741538519,0.285950435061132,3.69575908160364,40.3216150722483,7.07173002188153,51.5935033503193,0.00507725518259,1y
1990-09,0.617226991548656,1.31796101046431,0.712133962369675,5.90340509169862,0.423292744853342,1.30748520186586,0.205236350738144,42.9689424635866,0.267131882207387,3.40735066200462,39.5615918015819,5.78155525476456,49.2228659512966,0.004245148875138,1y
1990-10,0.541359521508887,1.30970080378162,0.783417447882914,6.33928852078818,0.411863015062896,1.26801025966346,0.217626567662955,44.119977889139,0.283543004260636,3.55544368929962,40.5645341998393,4.05592070705945,48.677068168122,0.003879488999085,1y
1990-11,0.543744545081402,1.14618162139393,0.605117714983617,5.08625454121579,0.378207356546103,1.34525126925777,0.180770725776472,42.2409006091612,0.234367359542256,2.86266928017166,39.3782313289895,4.35743482446121,47.0134735189411,0.005154055322863,1y
1990-12,0.674833509931182,1.27897051922702,0.610678142925782,5.30679845611891,0.436065911108744,1.3994441950866,0.187125513162657,39.2799374411166,0.242987869071364,2.86955774286757,36.410379698249,5.49713839913058,45.2071892224812,0.007720645070614,1y
1991-01,0.773040244735442,1.32748790113185,0.567685839485842,5.10037586039555,0.472237679468614,1.48973944989563,0.183092057088737,36.0359815594455,0.23796505729301,2.67116567731604,33.3648158821295,8.20742900712551,44.6644676809528,0.010176305369097,1y
1991-02,0.929928705323875,1.64458284398644,0.733798950931731,6.41245851398132,0.539849752357995,1.40693041775697,0.218173042474488,37.7541341252577,0.285500198149481,3.40366250019259,34.3504716250651,8.73593615098579,46.9937435168674,0.008262893358597,1y
1991-03,0.935461425515867,1.62564800013851,0.712717903512817,6.21234415340451,0.542724463336332,1.41538098652047,0.214274773653225,38.5382149920102,0.28056312068928,3.39913656549182,35.1390784265184,9.49038431580722,48.52343720216,0.009122929369056,1y
1991-04,0.879544839355278,1.59196237972089,0.744982701304954,6.44262744312492,0.547619297981326,1.39277899166248,0.217609171329403,39.7679642480715,0.286008404437797,3.62738173701031,36.1405825110612,9.42346700788708,49.6950488317258,0.008583356859783,1y
1991-05,0.832610963166479,1.52745347889966,0.722791370764576,6.08269402174434,0.537362419257003,1.42898418394653,0.211179777956524,40.9543131250571,0.276929956269599,3.4233044484927,37.5310086765644,8.78978724853517,50.2322101078184,0.00870458581502,1y
1991-06,0.762338040849041,1.49111447922448,0.755067880857918,6.22760524069439,0.518801449748699,1.42049600692905,0.214355698650899,41.6784970048312,0.281175118966897,3.60756481636453,38.0709321884667,7.30881051656716,49.4828383390162,0.008724790131143,1y
1991-07,0.753256595398116,1.39858967516642,0.659250379998388,5.79506276464015,0.485770464624377,1.38423115672306,0.19627343881923,39.4671785347279,0.255933261587017,3.16649716519816,36.3006813695297,7.79464449267434,47.7140297278084,0.007147661834102,1y
1991-08,0.759295140646423,1.44721082221679,0.701396780284646,6.06104892064713,0.466962999196384,1.31819173968718,0.209677765068241,38.4062873581464,0.273117651328416,3.37822562487063,35.0280617332758,7.33941543962387,46.2284982141669,0.005137672782232,1y
1991-09,0.686187683580233,1.34674575222956,0.673049134249965,5.73209886653024,0.431958358052848,1.3104350787526,0.202244940918041,36.8222567996233,0.263415510261151,3.19886451588955,33.6233922837337,6.92219935784341,44.2101166086459,0.004887172590882,1y
1991-10,0.615839419360786,1.32954880458287,0.730382495943865,6.06389782887438,0.419926316507957,1.28900218240608,0.207705350226663,38.0861202075538,0.271096973431739,3.41173438429399,34.6743858232598,5.29033403870331,43.8552565699156,0.004577848908572,1y
1991-11,0.550649038430446,1.26726812308462,0.727237759013823,5.98374438197466,0.408397461848936,1.30325279380746,0.208560077698086,37.8264844010586,0.271272809807131,3.27817319902664,34.548311202032,4.82808520123917,43.134402489803,0.004555195577749,1y
1991-12,0.559293757291407,1.17568016654357,0.622660128826539,5.27172001565741,0.396769889704215,1.37138607011955,0.186026564933982,36.0657134831894,0.241516065488632,2.90090338819996,33.1648100949894,4.55505675128441,41.0483128648964,0.007133702776806,1y
1992-01,0.607709368488494,1.21618062656199,0.611146570989731,5.32702785840099,0.413722030269923,1.36621095505517,0.185914368405538,33.3414504268492,0.240893517183805,2.83670962543469,30.5047408014145,5.10038876104245,38.868647073481,0.006885912229512,1y
1992-02,0.609333502409809,1.22973690029079,0.630392729082557,5.28957295760747,0.420707764126186,1.38926398314745,0.190510040410175,32.5569676756289,0.247792778027331,2.92287848315233,29.6340891924766,5.45003205448641,38.4453025485528,0.008190655160832,1y
1992-03,0.746936838946503,1.34115103813944,0.599961588539493,5.52742075419957,0.456821792592487,1.37780288898976,0.187981705144705,30.8158637512518,0.244026601768245,2.83215789679031,27.9837058544615,6.84626168580119,38.0941337439659,0.00882583340774,1y
1992-04,0.710108533040605,1.40121378984394,0.714927142300842,6.09053592248358,0.484317083944517,1.38043411067417,0.210208466314549,31.0140021355826,0.275072365486088,3.22992633812937,27.7840757974532,6.92363185514678,38.42291482253,0.008603458670191,1y
1992-05,0.611676277231466,1.28698118365319,0.683776372386721,5.73408567293192,0.453349293050875,1.30724003703654,0.199250589700537,32.1008011858686,0.259098238261424,3.20865243783233,28.8921487480363,6.03434126336753,38.5934912771981,0.005464975756744,1y
1992-06,0.58660911821727,1.27113008070798,0.693379528596789,6.02684004387169,0.440588868698636,1.20587636817799,0.209601641461752,32.4274793641964,0.272419463723828,3.24778470347422,29.1796946607222,4.51653034496456,37.4260308143466,0.004991146538916,1y
1992-07,0.523745939740443,1.1180663568253,0.601738699552926,5.22492426156776,0.397400577295486,1.24377293650932,0.184766773590869,31.5320479114244,0.23981608820296,2.82455341577617,28.7074944956482,4.50173214432486,36.4583629175431,0.005771420352917,1y
1992-08,0.665696793118234,1.25807364258542,0.59484954496017,5.38362688047448,0.415667860262747,1.26790767893441,0.189272799906478,30.7054381525069,0.245479201696321,2.86294180591964,27.8424963465872,5.43157364617933,36.571763800289,0.007535173407071,1y
1992-09,0.600936641569142,1.31064581027283,0.721041461096521,6.0808079607488,0.415106683181104,1.26200353611581,0.211151789271861,31.2352141341443,0.274761098388381,3.26837814517556,27.9668359889687,4.85448071616824,36.5756077379727,0.006335951173715,1y
1992-10,0.562274262873513,1.22576793370541,0.669390927934849,5.69045934027277,0.390971805781486,1.27769218847399,0.199160472529299,31.3553155970106,0.258414803918427,3.03191246372,28.3234031332906,4.88743429524232,36.7003251687007,0.006918778078865,1y
1992-11,0.5499523088091,1.25205251974126,0.709095883799689,6.05401784098166,0.399475088735842,1.17718351316924,0.215762193762469,32.4891719772345,0.280143176008029,3.19509421239316,29.2940777648414,4.00398203678835,36.9890593837934,0.006401491498708,1y
1992-12,0.57178873712737,1.12649908433318,0.558561242287749,4.99675087057137,0.386480175346144,1.29775807512735,0.173820717101445,31.8708835455299,0.225436233835852,2.7481244668542,29.1227590786757,4.66202206272167,36.9321625591888,0.010027415359263,1y
1993-01,0.750219055927218,1.36197711317681,0.629653869756337,5.63121125491179,0.476025487132001,1.3153421958845,0.197620941918425,32.7011286672325,0.257561295015636,2.9450661774367,29.7560624897958,6.28429132108584,39.4406022252524,0.009432265067282,1y
1993-02,0.894304732728519,1.5178684308409,0.635543793432616,5.72126477700986,0.517022953302389,1.39358337836325,0.200581239020514,31.9970770148668,0.261166989836181,2.98501456410942,29.0120624507574,8.60235227907362,41.0611775227971,0.009571401659724,1y
1993-03,0.940551009199849,1.64951334555535,0.734265139159245,6.47465478519927,0.547506811149853,1.39151110820458,0.2216537559327,33.7681150298973,0.290278481258855,3.48090502321435,30.2872100066829,9.50845010528214,43.788497372371,0.010001555992475,1y
1993-04,0.861816627239633,1.56096297812508,0.724714952341207,6.31944080266251,0.530896593259635,1.38796314195723,0.215471724093255,35.1659666982983,0.28250621038367,3.46253924439787,31.7034274539004,9.21087626146606,44.8748208942413,0.008905823463337,1y
1993-05,0.722000632435657,1.45352815677453,0.759059207672732,6.34519538298575,0.511597708971972,1.4086709429758,0.212173333058367,37.0479614984788,0.2783651010489,3.61507907550848,33.4328824229704,7.24964764130075,44.7881475738869,0.007864957972724,1y
1993-06,0.673602262380533,1.34666787450093,0.686442993467288,5.91639968178471,0.471838835943299,1.35974014423001,0.200156805013227,36.5021575343615,0.260943487466717,3.31163205484516,33.1905254795164,6.31385668491777,43.2771145117593,0.006263153082646,1y
1993-07,0.621280984453231,1.27109741762619,0.661398949502268,5.75392345026806,0.429761897367824,1.29465034952914,0.199126328547094,35.1269724389522,0.25907387128028,3.09712837109082,32.0298440678614,6.08099672644114,41.6661693652207,0.005555137788018,1y
1993-08,0.629404980168439,1.30409334150814,0.683892566430757,5.89053114944576,0.417684842304227,1.27721597098783,0.204432984107893,35.0992105036518,0.265806243169893,3.22898396189646,31.8702265417553,5.36487369934828,40.9343234302779,0.005994988606499,1y
1993-09,0.531265966124866,1.23075898912096,0.711916721023283,5.95204150765069,0.3892872119325,1.21985155469885,0.208355413118634,35.7171709295846,0.271297176933132,3.30921507426723,32.4079558553173,4.37950393120748,40.5763274508438,0.005069317948961,1y
1993-10,0.53842571976499,1.14925889193774,0.613930675337324,5.36774297105901,0.363858776802735,1.23245531761977,0.186363071753185,36.2193501651607,0.241606644599082,2.89683181261317,33.3225183525476,4.05784569887221,40.7051655803852,0.005991091337472,1y
1993-11,0.531384802414641,1.14471070223479,0.619721473530371,5.43185108332189,0.377539474724056,1.23736420900448,0.191709565988619,35.154013574665,0.24888925590319,2.9323016057913,32.2217119688737,3.93594420173782,39.5305565982946,0.00747124126119,1y
1993-12,0.520398238926342,1.10382162899521,0.589318797682018,5.10377621530543,0.375245457182602,1.29952891919898,0.182504733540113,33.9896764299796,0.236870590117561,2.87913209487777,31.1105443351018,4.25298640521273,38.66203815885,0.009227861190484,1y
1994-01,0.683766297548927,1.28384574310845,0.606345608896121,5.43688963893685,0.440490894400613,1.34999216850419,0.190916579788063,33.1824369409812,0.247891465507744,2.8798704501282,30.302566490853,5.42818089966499,39.049425885942,0.011169574890783,1y
1994-02,0.73902247497518,1.34334867353876,0.611103500690142,5.50429383420379,0.455952868388691,1.37109629983011,0.193133543829153,30.2823956745723,0.250834694738867,2.91769435369181,27.3647013208805,6.71337863587934,37.4397425490197,0.011541332291434,1y
1994-03,0.806079953075231,1.49595657384652,0.712096647849628,6.29180684122895,0.494763920839823,1.38384588131409,0.216701866937055,29.9486014113705,0.283425001648698,3.31695484097985,26.6316465703907,7.49090469428992,37.9396329742462,0.011679655834183,1y
1994-04,0.761097826974637,1.41867773887132,0.670962481012766,5.97749227766287,0.484914620765081,1.35890365528754,0.203929324819612,29.805565066934,0.265638208663394,3.17905732509448,26.6265077418395,8.06099881432178,38.3361314147388,0.01019867956386,1y
1994-05,0.717961432459014,1.41913614152972,0.721184372572815,6.32961424970183,0.49223932767454,1.31492669393654,0.217249379660335,31.2321587104946,0.284064801833786,3.39718401396657,27.834974696528,6.49949191971871,38.2329648117075,0.008783021754299,1y
1994-06,0.673532622359181,1.31130150523749,0.650768146254733,5.78057584028478,0.462759381489446,1.30742599084071,0.201571072467556,30.7937782794074,0.262511956776707,3.07985070261826,27.7139275767891,6.72067677310452,37.9785380817561,0.009485750924739,1y
1994-07,0.606458720543553,1.26176594584115,0.668801509174071,5.76778644844592,0.424802641049593,1.24787985794756,0.202839078821789,31.2979177417213,0.264209072614287,3.15246683203209,28.1454509096892,5.7191236685269,37.4840895616843,0.007117873420088,1y
1994-08,0.605809698338306,1.2802004349308,0.679156240383297,5.93789372822845,0.413170816461908,1.25358235620494,0.208406428884862,32.3123522823258,0.270392217763768,3.1358032213598,29.1765490609661,5.09065606608553,37.88180699506,0.007776087952674,1y
1994-09,0.512631516930943,1.2185258614792,0.716645725641002,6.1871095735773,0.379281180372407,1.14276376590182,0.21615488933106,33.3466618542169,0.281089038741017,3.32961305025147,30.0170488039654,3.6438953736416,37.4878011559305,0.005349991165438,1y
1994-10,0.40996431380508,1.07621930628614,0.680876735312591,5.95431628208423,0.332919114437264,1.05888997489594,0.21261510066842,35.8184422388854,0.276892442582252,3.04167465366589,32.7767675852195,2.543562600923,38.851512383059,0.004208845867237,1y
1994-11,0.345224710347733,0.847508582876358,0.513914168156211,4.71212547216953,0.281796142421482,1.12038481219862,0.162484126157009,36.7939638052536,0.211496812124912,2.2893127776653,34.5046510275884,2.05866949198717,39.2266142355228,0.005910897497666,1y
1994-12,0.4143339943964,0.913742094475747,0.507099675284564,4.66776705445424,0.31103128912135,1.19941026701139,0.165657302228687,34.4855212126579,0.215042936658317,2.29809261796682,32.1874285946911,2.64423318461657,37.5104546361615,0.00947953372972,1y
1995-01,0.43678824299077,0.975215090842262,0.541106106256363,4.93499754948246,0.332675154515205,1.16078326142145,0.176948414202889,33.7825927013814,0.229404886239718,2.4658361656903,31.3167565356911,3.01767188590798,37.206617887732,0.008285493937806,1y
1995-02,0.465856990417131,1.09209704559945,0.633244035814461,5.70528662351876,0.357982655394989,1.12568189368579,0.198576241851358,34.7937072022777,0.257837028788496,2.73559189941367,32.058115302864,2.76862180813174,38.0187422810493,0.00731927876022,1y
1995-03,0.467594445344273,1.02545892098883,0.564443745814771,4.94491535216144,0.348849531190761,1.22269437633287,0.178131394598124,33.6845406776626,0.231358730600669,2.55464153695568,31.1298991407069,3.08819497699181,37.1822257798531,0.009508433703486,1y
1995-04,0.567642207521927,1.08964467847157,0.524386616720396,4.79568931264227,0.390145424873088,1.27396398686727,0.171939736823933,31.5547840586307,0.222748319856794,2.40109491203088,29.1536891465998,4.7714694820749,36.7209415973863,0.011288259635288,1y
1995-05,0.62861631513886,1.25739729188505,0.639196425384529,5.65193626033873,0.446550890879748,1.24193993172965,0.203200468813517,30.7854032356326,0.26438284335384,2.92486258724481,27.8605406483878,4.98618872933366,36.2391752771336,0.011433364948576,1y
1995-06,0.583542488400804,1.17400676580741,0.598746647099251,5.35325909993976,0.417035631059297,1.24120202586634,0.189115613351873,28.4130138265872,0.2457659786838,2.71454665837159,25.6984671682156,5.55235367734344,34.4002490959664,0.010541965421564,1y
1995-07,0.575748017377383,1.25309240604036,0.683569982318304,6.07318495938827,0.415823596256211,1.10063034002597,0.217437637607553,28.9400393964067,0.282239991630724,3.0037366033557,25.936302793051,4.82518449218659,34.2649015178316,0.007610558495321,1y
1995-08,0.533778657668775,1.23023186944113,0.703407677752348,6.15708628668686,0.385119080203845,1.0597690405448,0.217172614851278,30.2534377316802,0.281897469436762,3.08621128373902,27.1672264479412,3.65288957760849,34.4053973935767,0.005902448099186,1y
1995-09,0.47723596796906,1.15843555674461,0.688897765610947,6.20183657698432,0.363722920562852,1.02979095459623,0.218788997529293,30.7481106597016,0.284102421308935,2.9374225336457,27.8106881260559,3.27475424781846,34.5257563263583,0.006462725183749,1y
1995-10,0.419320308803082,1.03250224012896,0.61779161738107,5.68149251401257,0.324829334438188,1.04733601348863,0.196854485762206,33.7987190531519,0.255322596122209,2.64512517116883,31.1535938819831,2.52964368945592,36.7805398244923,0.006773540758414,1y
1995-11,0.473468005921315,1.00954635556198,0.540522399605754,5.09034632431606,0.330266640047152,1.130850101932,0.174273198986681,32.4149591855929,0.226000847806345,2.43459948399516,29.9803597015977,3.15152232761543,35.9667555600014,0.010859080826803,1y
1995-12,0.535640135728149,1.07870804685201,0.548083744354543,5.04785389402946,0.361803016434736,1.14500882349148,0.174923687643782,31.1412772420485,0.226795849102645,2.51214277777314,28.6291344642753,4.38522914686571,35.9282259256606,0.010846573221734,1y
1996-01,0.634094074742457,1.23600253707925,0.606642270490772,5.41849109723799,0.413894247574256,1.19369900528569,0.188079270784952,30.554911885894,0.244172311802423,2.76060887346224,27.7943030124317,4.95611322989866,35.94327669838,0.011325785282536,1y
1996-02,0.73834026510752,1.30997868516345,0.579247902834325,5.48105688678638,0.444762714235324,1.2089099175872,0.188422379383638,27.1931064597454,0.244767735777868,2.55583701180193,24.6372694479435,7.18951800780858,34.8158145827155,0.012446128185306,1y
1996-03,0.861318093038259,1.54787202825278,0.702466034242252,6.36562653924392,0.505554925757011,1.18364515618407,0.221236962049365,29.0586189544094,0.288429720057598,3.20153410550413,25.8570848489053,8.10109926643235,37.6693849029487,0.014785553229261,1y
1996-04,0.802467099949946,1.47912963394438,0.705331398066569,6.54059007608244,0.505789876674616,1.15453238192861,0.219698149155399,27.9823099647852,0.287983576945017,3.21374528543451,24.7685646793507,8.25371012635491,36.7437018172405,0.01196473239403,1y
1996-05,0.836625288156726,1.52935980197363,0.706339021964207,6.53102767592802,0.523245869652655,1.16791909018776,0.221753864644472,29.2103493198251,0.28912976389939,3.27179022933129,25.9385590904938,7.94425407041157,37.6654870187805,0.012966139591726,1y
1996-06,0.694896592148505,1.33278244438932,0.660815064369456,6.09722884738143,0.483722285964343,1.15266645360781,0.20584723804304,30.0337838492384,0.269542750320246,3.08696205703986,26.9468217921986,7.31221525010827,37.82138908771,0.013836862000453,1y
1996-07,0.705865996690422,1.34205886488403,0.646509214044632,5.94658438788362,0.442402996711434,1.11176724936557,0.206451264148512,30.2166149447761,0.268557636992312,2.97898867281587,27.2376262719602,6.92970515523825,37.6213290011551,0.007423758995652,1y
1996-08,0.690397675805091,1.35349462517846,0.675166475213302,6.13075792500004,0.425048003898479,1.14900452211298,0.207927776184529,29.8488746171706,0.270696005512655,3.07099440102677,26.7778802161438,6.40798675753221,36.7354851564,0.008797942997342,1y
1996-09,0.542416538976069,1.20322487383212,0.669688721855372,5.88748419967157,0.380062103248603,1.09167611177688,0.200956599976048,29.7144385804901,0.261214356808065,3.0449731442213,26.6694654362688,5.16454549419215,35.3411550314664,0.007611644229517,1y
1996-10,0.563231918305957,1.20803480061968,0.648590718198329,5.83545681137379,0.373588974254546,1.05916944179117,0.206002950733993,28.5999284321494,0.267031662486556,2.87641435195804,25.7235140801914,4.56174978098814,33.6347128263581,0.008629272318202,1y
1996-11,0.502146554247335,1.16202900784216,0.669384872507148,6.01825355573191,0.365256210292151,1.02756953661989,0.207031157300689,28.4005268870032,0.269160041181826,2.96208914852407,25.4384377384791,3.76711546366654,32.6438335491523,0.00984108643333,1y
1996-12,0.515707174800142,1.12789540879129,0.615429740978981,5.77556042812734,0.363516231349876,0.983976863671564,0.198991705306597,28.3720801642016,0.25784210006395,2.78726191548146,25.5848182487201,3.8384395282662,32.6673534978383,0.01125682144461,1y
1997-01,0.518022692776893,1.08642213474353,0.573958954340092,5.41151489015587,0.362156332820099,1.0511988910361,0.185936714204434,27.5400621148172,0.2412205570006,2.59063665118511,24.9494254636321,3.94254075070158,31.9097601367238,0.013846707390297,1y
1997-02,0.602571882465237,1.14247975875144,0.54109389550522,5.14536264660377,0.381442206118666,1.0559527680246,0.179239315008691,27.2868462153293,0.232174439398078,2.49641106043274,24.7904351548966,5.33790198781155,33.0361619575476,0.014046988850482,1y
1997-03,0.685963427859878,1.28506304294026,0.609385441539429,5.72215564207942,0.428889425633933,1.06963210588241,0.198579716615499,27.5953798185129,0.258330072644413,2.76468715812463,24.8306926603883,5.54964345082679,33.6019330585997,0.014796851538464,1y
1997-04,0.655921746830129,1.28991290970559,0.652424621554498,5.90479874858572,0.439445314233269,1.09445945600905,0.204050555761764,27.026805118102,0.266089603102483,2.88609191518428,24.1407132029177,6.57224664147394,34.0691919184402,0.013275857401568,1y
1997-05,0.655581366047941,1.26618786926537,0.612204690987067,5.57960318222675,0.441851512345564,1.07593501033293,0.193600543732503,25.8588721879119,0.251062864711028,2.8102996684988,23.0485725194131,6.09142189673723,32.3949574930927,0.011833246754198,1y
1997-06,0.579380399988993,1.28985989704595,0.725408651359326,6.5850955810143,0.440118922366499,0.989877364756276,0.22447993906762,25.815315593548,0.292358813974124,3.10387066215151,22.7114449313964,4.65046223006839,30.9826165766581,0.007753147156622,1y
1997-07,0.454880592769101,1.14123733420003,0.693716449657274,6.31206131739154,0.380447319552123,0.97546638280117,0.219019843011893,26.751553655846,0.284265594833726,2.83063265141687,23.9209210044291,3.59025574742533,30.8450948411169,0.006460934505434,1y
1997-08,0.497248116154228,1.12654274275913,0.634941777197763,5.9665002141805,0.35180372314695,0.955968295196089,0.201200449872759,29.6168494214783,0.261159531537877,2.73048125171294,26.8863681697654,3.15190553586713,33.2311149387561,0.007764180919627,1y
1997-09,0.456357749888121,1.04205205921491,0.591175737706325,5.89448334529962,0.327186003851775,0.85633315046479,0.199688408666022,30.1093883931238,0.259200943284047,2.70170835770242,27.4076800354214,2.88457431539025,33.4528520604641,0.007718010491333,1y
1997-10,0.263166396599096,0.807280779106738,0.564334324381565,5.31415241937097,0.255888949089752,0.928774297777437,0.177679905928915,32.7521852584222,0.231930464423362,2.25893980388499,30.4932454545372,1.67718704115418,34.8389826699286,0.007450976690608,1y
1997-11,0.277382175506608,0.710552476712167,0.450410206593766,4.48070477412854,0.232565225434475,0.903254730513643,0.148881015347222,31.3608776009345,0.194307427689946,1.88340016392737,29.4774774370071,1.45599922608071,33.1600652700523,0.010846763658114,1y
1997-12,0.366429425855823,0.827402994792068,0.466418207607662,4.87346892373239,0.272131948179885,0.840567785772183,0.166358060666865,29.3468520813175,0.215733507528885,1.95031472732249,27.396537353995,2.44446377155107,32.1734074210643,0.016037934227057,1y
1998-01,0.382713671441155,0.877539349139479,0.500973792353452,5.13610357467379,0.286476907657408,0.841260583351414,0.174042946924774,28.774250809634,0.225924307107921,2.11433275306106,26.6599180565729,2.43665092144973,31.6108689851164,0.016339363828755,1y
1998-02,0.322975581757195,0.813045809090711,0.496776181921791,4.9743856280526,0.264366927867497,0.842101903637972,0.174669644363739,28.6281773518174,0.226797913434769,1.96527813534117,26.6628992164763,2.05596385857063,31.0856087681866,0.011912763928011,1y
1998-03,0.320240693682043,0.803856450024973,0.49073960058914,4.99210949731771,0.264914086295517,0.845572249534574,0.174228022456131,28.4166591551761,0.226133351056577,1.97247009872282,26.4441890564533,1.86070905228666,30.6777295809755,0.017171209737755,1y
1998-04,0.309251639811156,0.752774214836312,0.449814585650095,4.6385030306836,0.263557062670072,0.751224461584827,0.159742548649498,27.715931916771,0.207360797518343,1.85033044600803,25.8656014707629,1.85618656414539,29.9392218270842,0.021137263167504,1y
1998-05,0.374383531922909,0.84442034448448,0.474111759401352,5.03436519178743,0.297719665842744,0.61390664463719,0.165899365505069,26.7152426770459,0.215037809556422,2.0068182063351,24.7084244707108,2.28290289762187,29.3790827497293,0.020761935661345,1y
1998-06,0.399892923839936,0.875146789558748,0.482048121984804,5.00293152444998,0.305368600641826,0.585092492767985,0.167757767001508,24.9535274931432,0.217908690221943,2.09738632464291,22.8561411685003,2.80652644311554,28.1457203934822,0.020852062976685,1y
1998-07,0.428179698029141,0.917798957950006,0.491771553611807,5.1358460746924,0.306617708878181,0.517085290980713,0.175403464994077,23.8927790335457,0.227108869680232,2.12474939572122,21.7680296378245,3.56128254463818,27.8565739128582,0.019621195379522,1y
1998-08,0.426334877717878,0.996487593934776,0.573015138228888,5.95177066619069,0.311825039317405,0.474979217389158,0.188627846382013,26.3156077441651,0.244523571164273,2.40751571071846,23.9080920334467,2.58187336851998,29.3306325302314,0.015208336370366,1y
1998-09,0.369481746014833,0.857305966020714,0.492549330091958,5.09540592294266,0.268880996110817,0.460776563966094,0.167807904554667,27.4347560339073,0.217595648087802,2.15061503935065,25.2841409945566,2.3865282461132,30.206687832663,0.018794104186618,1y
1998-10,0.383522041103363,0.944381113784013,0.565351391907579,5.76639837703868,0.289281637847545,0.357847334296844,0.179654649256459,27.4429395609901,0.23289384077742,2.45486274385933,24.9880768171308,2.33763459952178,30.1931226505458,0.01944526394662,1y
1998-11,0.372704852525527,0.875095646439361,0.506148294879248,5.16443410496784,0.276943895131277,0.362519521246303,0.167571538258614,28.0159725928259,0.217285676425949,2.20973002611062,25.8062425667153,2.34745344370571,30.7482832512162,0.027249088525746,1y
1998-12,0.395569669965324,0.921223713742759,0.529085839759396,5.28854918931502,0.305492764627728,0.396270157435012,0.175476717834363,26.6111967254499,0.22730224916171,2.32686894608216,24.2843277793677,2.60426390365215,29.6182395960981,0.022678919276405,1y
1999-01,0.516163914124673,1.02730285084103,0.5123185965833,5.02273207628097,0.352195037659631,0.418879817724741,0.176048588641531,25.1367196158517,0.227922415416528,2.21010568900027,22.9266139268514,3.94110379634153,29.4817944162512,0.036994023552838,1y
1999-02,0.643861935028394,1.1085933731887,0.464744071142274,4.71849370560754,0.379856484195432,0.461390761707526,0.160971410605904,22.7580915417451,0.208243877298436,2.17241469577218,20.5856768459729,6.54586800449199,29.6731748341414,0.039794337294557,1y
1999-03,0.844855620319733,1.51221437249788,0.680798692656167,6.71228362661839,0.483699451605155,0.433630332811704,0.219148696698708,23.6280257403237,0.285607351054355,3.0737474561274,20.5542782841963,6.69069746284969,30.8234792509265,0.04054563583946,1y
1999-04,0.796089041547423,1.42593041093975,0.653358823769639,6.05113581422935,0.482775227081523,0.439771354299038,0.219552800400686,22.6220431357594,0.286950953327904,2.90830921445911,19.7137339213003,8.56022617095526,31.6887730604433,0.041117665775064,1y
1999-05,1.05919394816002,1.65277845526014,0.598553876468651,6.63477394797321,0.5580708080724,0.437552161479718,0.198779600532195,24.2026617749741,0.258434121718743,2.87413319425096,21.3285285807232,11.473401407661,36.1332769048861,0.048259944142619,1y
1999-06,1.00624389463051,1.68272986161872,0.717463741913056,6.45372357442512,0.56916746791843,0.423301379469258,0.224311485466701,28.8141017997825,0.295915078341627,3.25170725018258,25.5623945495999,10.826897859023,40.1612262226138,0.038160470936099,1y
1999-07,1.03215389856658,1.71202000219333,0.726525227391928,7.48301493980144,0.557664304052987,0.42057777191967,0.21824272106223,30.0000131858393,0.288397733504464,3.24886971775762,26.7511434680817,11.6049450993521,42.1115987397582,0.030584230181495,1y
1999-08,1.1698374303204,1.81923315371171,0.655348249380153,6.33901795830013,0.565256199158194,0.418252377921476,0.216042381808136,33.6410733050057,0.281047499643179,3.02523741507431,30.6158358899314,13.515991606841,47.654154793298,0.025637911921444,1y
1999-09,0.971754760114283,1.78027650645859,0.861419778087319,7.57598954202137,0.553402291944775,0.440985114396789,0.253410485395087,38.3974750963157,0.334911425370041,3.87988745233673,34.5175876439789,9.52783636142344,48.5136333685042,0.026173462796835,1y
1999-10,0.955612604383656,1.55582696829605,0.617317869079436,5.72142383663227,0.490189264579973,0.472266841538173,0.195274757745882,36.3188447629345,0.254962341734708,2.75613256958772,33.5627121933468,13.2226132825867,49.9916951450019,0.022953359074219,1y
1999-11,1.02908749148154,1.84002510530509,0.844639556835372,7.4175429057703,0.565805942576484,0.456324712261761,0.253403960479221,39.8783490825133,0.332247839462775,3.76005573865897,36.1182933438543,9.89136592873942,50.3553668111947,0.028001226966482,1y
1999-12,0.96929077782913,1.58447062400406,0.630714733515776,6.01909234462828,0.527888831419799,0.472291977051027,0.207062741766677,38.2980226148481,0.270035807584814,2.95581688241229,35.3422057324358,12.0421471478173,50.8172683120168,0.032186107702786,1y
2000-01,1.04455630421774,1.80573734592606,0.799576641551857,7.31091325434409,0.586498144393493,0.455501555019155,0.242973930215964,41.2534574250652,0.319569381953817,3.56086076592035,37.6925966591448,10.4129254136303,52.2289261508653,0.036204125603222,1y
2000-02,1.14702336841925,1.76810525390697,0.656334949478139,6.04038023678374,0.568991579404632,0.518897069062402,0.216594229182365,39.1901106038739,0.284794701223718,3.01164225793526,36.1784683459387,14.2207188538339,53.9122183881139,0.038250059077842,1y
2000-03,1.20443350354462,2.00650402195218,0.832446327667171,7.5225969743708,0.633710207524571,0.483354866649512,0.26527596755062,39.103968138405,0.347210450482738,3.87767326573729,35.2262948726677,12.4456969711167,52.1621515275551,0.03516187216755,1y
2000-04,1.03330454848067,1.72850839668231,0.779951983709987,7.38201691875529,0.590547065114359,0.519622681097716,0.239074132397579,35.5594212083511,0.318116636481259,3.44453803144259,32.1148831769086,13.533910400202,49.650522377432,0.037864968309515,1y
2000-05,1.26093826854249,1.97953009382695,0.718591827512446,6.57130861114498,0.647908677265213,0.509320837909773,0.225186207929817,36.5410355457007,0.293582341333132,3.57983782031038,32.9611977253903,14.089503991068,51.1493080860317,0.033694391156391,1y
2000-06,0.926890479532418,1.66988957917465,0.811116475412109,7.47323933311585,0.576438592164779,0.516342059893567,0.235181924142176,36.4603731232991,0.313710240416426,3.58523971596563,32.8751334073335,11.1530108263555,48.1622761142132,0.026220628252516,1y
2000-07,1.24056026114917,1.92890585070718,0.70304803546833,6.96203651612957,0.620537775937342,0.461523898042309,0.237422983138191,37.588565305114,0.309001100970414,3.24723753208852,34.3413277730255,13.7218081362394,51.8567975254621,0.029821049252633,1y
2000-08,1.04798795895749,1.80819973080908,0.820013622859339,7.19298084974052,0.56098452352814,0.476964531094721,0.25323245841129,36.8420989443823,0.334636518993911,3.70756503729105,33.1345339070913,12.2917497139742,49.7217176357617,0.022615294329226,1y
2000-09,1.18714980889535,1.88597268058745,0.703102169696406,7.40361573812691,0.573418587231803,0.47968653005817,0.224646112593258,36.4414164738728,0.292526741543238,3.25181307677959,33.1896033970932,13.5168211872244,50.4754105152338,0.025325891495144,1y
2000-10,1.06958589530662,1.8800060736189,0.862364683020348,7.34945008504127,0.56292310953913,0.482983386935612,0.249429856925506,39.0816699621481,0.32946440105128,3.97680795392341,35.1048620082247,12.0235662567062,51.6841304768311,0.025684926500039,1y
2000-11,0.993604316125486,1.71716931548243,0.757058143342505,6.96771769018003,0.530631170696553,0.502217879581216,0.22850107559884,38.8270531766023,0.300002170465883,3.35217003272675,35.4748831438755,11.3970067535181,50.7525631761851,0.025213181698435,1y
2000-12,1.02595807594465,1.74443628594799,0.748048814873313,6.954328340696,0.549003449364749,0.473045920760622,0.235795893564682,40.2957973389559,0.308939692874054,3.35571223647706,36.9400851024788,11.4880648779991,52.3285978033937,0.028014722565424,1y
2001-01,1.03530093388089,1.72900646128721,0.721656833614491,7.06444876471679,0.555784019252893,0.490495593861119,0.225837407784567,39.4075534127179,0.295931201033352,3.53133095489863,35.8762224578193,11.4409516873757,51.3702737089115,0.036626564988055,1y
2001-02,1.07608159062463,1.79418082592657,0.757675593754683,7.14592276402844,0.567676485596103,0.501530198002456,0.240078175803708,38.9258836979804,0.315865655064087,3.3797615251789,35.5461221728015,12.0660255232527,51.547853052101,0.033497704180224,1y
2001-03,0.902127124662433,1.54355104264609,0.679910968240957,6.03173651580783,0.507026368989317,0.536668733869487,0.21106862426741,39.5311464668668,0.277688522930266,3.03036181320964,36.5007846536572,11.925859381797,51.9457629958615,0.02927720474333,1y
2001-04,1.12164956575155,1.86538415828596,0.766993988814635,7.44612743712283,0.600962519164473,0.478405829360215,0.238788377942691,39.7199983954458,0.312854168376717,3.67660655462301,36.0433918408228,10.6578122428265,50.9294531845917,0.034667297662325,1y
2001-05,0.844246572761792,1.56535506703269,0.779291616806817,6.55029153332545,0.530955667251304,0.514644790491895,0.236641236992536,39.1796513762132,0.313989039374269,3.38727356938237,35.7923778068308,10.165941487325,49.896223139905,0.027664672460472,1y
2001-06,1.00800687922348,1.65355111810488,0.659773496118254,6.62210371816192,0.573869738381327,0.457947682203657,0.217914939580046,40.327727379473,0.283869730885795,3.03166846470174,37.2960589147713,10.9346581977101,51.764170247649,0.033516420100727,1y
2001-07,0.9052670285738,1.6053032984169,0.735039217690985,6.33581217822967,0.529037596283409,0.469394570879365,0.226636968840356,40.0125871020935,0.297534612471684,3.41746103053065,36.5951260715629,10.0713870072644,50.6081456906699,0.027337408980131,1y
2001-08,0.843645757513045,1.58100113347427,0.771569649811081,6.91237670710839,0.48569291010053,0.466725907676269,0.223468388166986,39.2616307915338,0.293291006264354,3.44375798737231,35.8178728041615,9.41959775121033,49.1979879371755,0.016631462427059,1y
2001-09,0.842991515975237,1.50509086642997,0.67742417886348,5.98731364090044,0.466325836392848,0.456207422506106,0.210232864035622,38.6751456063954,0.274047365936282,2.96492968038638,35.710215926009,9.48399412423671,48.643419960604,0.020691766401684,1y
2001-10,0.787826511992082,1.52943002950042,0.756034064959002,6.55368389804634,0.465671574428397,0.450543071716076,0.214544820766851,37.5230819425275,0.280581559563231,3.46894507364719,34.0541368688803,7.53901823982483,45.5572265626824,0.017950121945465,1y
2001-11,0.66735740104473,1.32162661906812,0.677812294226061,6.04177715198509,0.423339821223639,0.447836376349783,0.195475374966678,36.7650997079233,0.256205212178476,2.95038428257607,33.8147154253472,7.24965090576159,44.4664312008301,0.018992871511485,1y
2001-12,0.851269057645236,1.43053086832251,0.586543821890431,5.64271438712336,0.461245306944087,0.434027602902558,0.187920112196925,37.0667177432789,0.244065944872175,2.73972578289075,34.3269919603881,9.28807571140082,46.7867795117488,0.030130265758307,1y
2002-01,0.781047120965515,1.4142254690335,0.652402073314691,5.98092819588106,0.465542676506499,0.450954880576661,0.21076897353306,34.856218972445,0.275161813009552,2.94402777311458,31.9121911993304,7.6698925686695,43.0120423276572,0.033191893720862,1y
2002-02,0.860824879747159,1.51542232556597,0.684971596173371,6.39801787557986,0.489088151295318,0.438960782924134,0.21047189448828,32.9726645392339,0.276543082597616,2.9823324515086,29.9903320877253,9.88062760587738,43.3403071221972,0.035129577989023,1y
2002-03,0.974016617481526,1.69111683047304,0.727273417642793,6.92343858204972,0.526350582426488,0.437800899747313,0.22785141232353,35.6839517597811,0.296247353038978,3.39964066541007,32.284311094371,9.83255703501533,46.0406075601589,0.037206063009539,1y
2002-04,0.846089883475477,1.49521847188966,0.674301333291675,6.22845055485588,0.500174077474939,0.407437303953892,0.213906197366149,36.0841820586955,0.280264412719193,3.10222849320629,32.9819535654892,9.34789653735873,45.9262492061396,0.031370171079053,1y
2002-05,0.834606465200382,1.50166175383237,0.68987972709733,6.58341213593719,0.510482704061003,0.41309489626666,0.217887884609613,36.7092625725301,0.284880219825594,3.27674225945422,33.4325203130759,9.34695634729912,46.5589870242645,0.033578838280785,1y
2002-06,0.835293956527187,1.49352239478846,0.68383987069456,6.14997746277055,0.505344074491156,0.382935573878636,0.208397615204338,34.7889751038301,0.27296202081086,3.02329613280234,31.7656789710278,9.36783042062669,44.638165160472,0.030009535085312,1y
2002-07,0.744138603683776,1.45278332991575,0.732998315073347,6.63896302830018,0.464327600582859,0.387558192159799,0.215953936724988,33.8981432845856,0.282831922554462,3.3385513641308,30.5595919204548,7.17639878632915,41.5733279301942,0.021742111271688,1y
2002-08,0.65115772264511,1.32383865142533,0.692932222938538,6.16355128526783,0.422381727632518,0.373921525510473,0.203329778893648,33.658185156017,0.265903914165887,3.13452396745091,30.5236611885661,7.03148951449787,41.1589083635744,0.021075534238668,1y
2002-09,0.604646374643576,1.25951335717136,0.661075918146338,5.78544609710729,0.389173745469904,0.364770902951186,0.196040808710233,32.5725803471738,0.254020636498932,2.9758083230029,29.5967720241709,6.21033236245643,39.2329741548394,0.018086744055129,1y
2002-10,0.629146703953824,1.23567689669192,0.606698784488111,5.68235827186559,0.377537621800339,0.360709763521874,0.181335366568875,31.4174690712438,0.235065879566954,2.7774467801336,28.6400222911102,5.46989681727459,37.3037671346542,0.022717916420324,1y
2002-11,0.566546934153804,1.19174466506003,0.629010209243153,5.69303445435903,0.374566881817566,0.358960140268351,0.195032324537572,30.9818082032661,0.252834844565763,2.73963202018282,28.2421761830833,5.09660514445285,36.5262805168223,0.024944030426973,1y
2002-12,0.644946582358496,1.26676372981957,0.628534182541431,6.06393378447918,0.403292024038674,0.358495745857987,0.199378668745075,28.6265795383253,0.25885039632657,2.87620348241847,25.7503760559069,5.46862823948043,34.5534368428774,0.036808854923876,1y
2003-01,0.6053859839351,1.23877440096214,0.638974760861651,5.92624034331825,0.398633313242238,0.348906441260207,0.199238670944261,27.9246624943878,0.25862977276922,2.83078559785581,25.093876896532,5.58885538869263,33.9713863267939,0.02877198045429,1y
2003-02,0.560748042928633,1.17984168035387,0.621653347134891,5.93994134184461,0.386612364297659,0.348902329522455,0.192353044819301,28.6831736074221,0.249224523006374,2.7903649688175,25.8928086386046,5.1506202466812,34.275371421929,0.033627810720526,1y
2003-03,0.593608079841026,1.16107657353263,0.582556523815313,5.43052906344625,0.386203511500252,0.361712832231675,0.186135162277728,28.973334011936,0.24268499827314,2.57639374886276,26.3969402630732,5.75089218070856,35.1530463531954,0.03932744359276,1y
2003-04,0.623725175743865,1.14524266147238,0.521616908967699,5.24543693100697,0.390363741418673,0.355027758963858,0.164488810976869,27.7276320406491,0.213063907646757,2.48078523061674,25.2468468100323,6.5096612998054,34.6148460590781,0.041366756064266,1y
2003-05,0.673172985024111,1.34070959415717,0.684320541307922,6.55578812907583,0.46083845366821,0.330246893135139,0.213161766035504,29.7573117376521,0.277924048175301,3.08658200882363,26.6707297288285,5.30177020787318,35.5501677597361,0.035801632078773,1y
2003-06,0.624319072751785,1.17003355988556,0.547211719979389,5.37348745646438,0.396119382114931,0.341485732715286,0.176912447587838,30.1593015367584,0.229081109885825,2.47885236371452,27.6804491730438,6.49113698183119,37.0564320760632,0.036753721805866,1y
2003-07,0.649531800931745,1.28851000229235,0.641172353728364,6.35986780080458,0.420567914103944,0.308356951307442,0.196686541405384,33.0163441819559,0.254751271927358,2.91480161839981,30.1015425635561,5.72200212574583,39.1897841210344,0.028595604437391,1y
2003-08,0.580233674410615,1.18358258587903,0.60962971304804,5.86444973692904,0.398291150406079,0.303902879632266,0.186138392984772,35.4049279837177,0.241678277265716,2.84987759565536,32.5550503880623,5.47413155800324,41.3068762119714,0.029364683072605,1y
2003-09,0.535565177957501,1.11573445903165,0.580922369564025,5.3944718336395,0.351411534063558,0.3271282819807,0.182532549334818,34.1190255372482,0.236246234743541,2.55539936931808,31.5636261679301,5.75143452606044,40.289238847387,0.025538732936158,1y
2003-10,0.565787691733361,1.19632639600906,0.636022342249897,5.81197162344768,0.364196510811214,0.323313019474827,0.193723935706348,33.6798120023211,0.251385077541694,2.82141028434711,30.858401717974,4.75738734683471,38.8823083624039,0.025430263906747,1y
2003-11,0.528259872794313,1.15657590749632,0.630084716505557,6.07250751330288,0.368913293755942,0.304809546259847,0.195670531826498,33.230489630337,0.253378021425023,2.77708726018272,30.4534023701543,4.26820591415873,37.9477440977472,0.028429754093739,1y
2003-12,0.506235773878682,1.13074256810338,0.624784175370599,5.92308143854729,0.358814938225751,0.302511530968959,0.195404958079136,30.5634064454361,0.252825359998432,2.76897573375847,27.7944307116776,3.99937975610251,35.0110165196161,0.030784503195633,1y
2004-01,0.462499744741333,1.03304218906643,0.572464421943778,5.71019865637933,0.343160804677725,0.314272848356328,0.188821423931276,27.9568573777072,0.24457396182191,2.51254881930952,25.4443085583977,3.47636333088007,31.8666160943404,0.03440031329778,1y
2004-02,0.485646593526267,1.09666996810031,0.611292252625936,6.19156037260416,0.349418935609934,0.31390663378364,0.204426987668598,27.2420524642551,0.264493095894616,2.69293574814299,24.5491167161122,3.42699346722796,31.1379660150463,0.033098546230779,1y
2004-03,0.480684211647389,1.08511027489218,0.604659667706083,6.12392499121154,0.349624130076176,0.323801957238965,0.206437393889085,23.4930185422137,0.267085039702513,2.64958693869515,20.8434316035186,3.54640015689358,27.5129411326989,0.035806885644279,1y
2004-04,0.430259196823295,1.02088937618913,0.592353347477739,5.99837447820938,0.336305906267233,0.322828672008866,0.196602042671571,24.3398127030678,0.254549085294062,2.63246224756717,21.7073504555006,2.81875779157754,27.609721622611,0.030646361831467,1y
2004-05,0.409593302752709,0.980864312269235,0.575310027401734,5.84201893002054,0.346617295443086,0.331740793264672,0.189625190022268,24.5226505776841,0.245851493984967,2.46571314478049,22.0569374329036,2.45213896348604,27.4102662251774,0.0302424514148,1y
2004-06,0.384825078689251,0.888579426346716,0.509668923521548,5.23622436001969,0.303368977482281,0.343091682831293,0.172836794450672,25.9142179893649,0.224337005160065,2.21931627732147,23.6949017120434,2.41426806251266,28.7256598514883,0.023887683947883,1y
2004-07,0.374234860654356,0.88321450272514,0.514533206403835,5.59714849444803,0.284318983572503,0.313883922968796,0.164441693941524,26.5989727877933,0.213291749096037,2.44864922067895,24.1503235671144,2.3944702553722,29.3711764862031,0.024834138731739,1y
2004-08,0.365247805615044,0.914964704964341,0.551228997380584,5.90709059427814,0.276255743296177,0.225319062609282,0.169429140462724,25.1893503578569,0.219403844100263,2.51274806000773,22.6766022978492,2.23174441830086,27.8099277607208,0.020952935710514,1y
2004-09,0.284139250198951,0.758549690938629,0.479236358613641,5.17661035077348,0.23535557200008,0.237944107573315,0.146689417339481,25.7718271909832,0.190354408460954,2.0860233285745,23.6858038624087,1.63624831487421,27.7451193316579,0.021118980384601,1y
2004-10,0.371058670291022,0.956283034117254,0.59144340987992,5.87104608379325,0.285314690212082,0.260332336348465,0.191737799821597,25.8161674484488,0.248685207243109,2.46657764081329,23.3495898076355,1.53728372221363,27.7938741777271,0.021893931120264,1y
2004-11,0.305368653681399,0.87202274047655,0.573426291845678,5.45799637613823,0.265221275383004,0.2479296413869,0.179049761280326,27.9755083746823,0.232487533719788,2.44831379288154,25.5271945818008,1.38780812738149,29.7748537970639,0.022579866824325,1y
2004-12,0.310338179908762,0.826320114589257,0.522026758004035,5.20319957891325,0.263014706326984,0.233114852452369,0.166792569089043,33.5053653470531,0.216513061993149,2.38137860977372,31.1239867372794,1.25851767905554,35.1471886571908,0.028412311501831,1y
2005-01,0.222098527727767,0.627889775679337,0.42068638651614,4.17104544858551,0.218906173274966,0.211194231529398,0.135111572798524,37.2382467113773,0.176317118822424,1.87517811855888,35.3630685928185,0.937022528822637,38.4866979318209,0.030397929047834,1y
2005-02,0.35257374747991,0.856515944428855,0.508433231161135,5.36878059644943,0.278093145895728,0.268171045255951,0.172515264699382,18.8991610068194,0.223402437184855,2.19172388117538,16.707437125644,1.9995402428982,21.2946189516018,0.042944596067938,1y
2005-03,0.377665811153249,0.844839520946393,0.467781482241136,4.93366605509262,0.278582626632486,0.20524975439221,0.162966316295678,17.0292690939493,0.210907773993324,2.08231639378479,14.9469527001645,2.28034167873924,19.6834848629775,0.043406053617062,1y
2005-04,0.375641620994077,0.868240177304768,0.492598557557676,4.8338964951522,0.297905021201108,0.208438330065788,0.162211215951938,16.5041912914105,0.209839310919985,2.21729846096164,14.2868928304488,2.96312121159601,19.8393630298784,0.037880876484452,1y
2005-05,0.47028287679293,1.0579201768379,0.58767729802363,6.06723465994671,0.353230529632689,0.201007216788832,0.19224785790251,16.3238137920635,0.248702016703441,2.41365465230427,13.9101591397592,2.73046247862024,19.4952261452897,0.037571037466382,1y
2005-06,0.412744469425408,0.96002502007532,0.547280551094491,5.61246264617308,0.32150344120606,0.207796657059053,0.177538602107018,14.4710399401157,0.229667089967887,2.39146544366802,12.0795744964477,2.68566655395607,17.5639121861467,0.032857368000838,1y
2005-07,0.440423274045611,1.03210349984661,0.591893884808143,6.09207041917941,0.330062516562223,0.196369235887231,0.203536535284975,13.0014097976863,0.263333018849137,2.44424362687267,10.5571661708136,2.58814216314637,16.0564215149668,0.029013586432358,1y
2005-08,0.359466225323869,0.947927011942342,0.589835340818211,6.05925013589797,0.293725209963614,0.202636670489154,0.198108132145362,17.0712156068113,0.256468109890141,2.48710740698255,14.5841081998287,2.06329840277601,19.5890902516228,0.022813748920855,1y
2005-09,0.417472376747813,0.973096012517745,0.557266248647152,5.96795045962432,0.295416767052896,0.183629317541403,0.183480848840131,20.596795134347,0.237634760052034,2.44722176773799,18.149573366609,2.28240169802548,23.3003124412646,0.027120738466048,1y
2005-10,0.353184965523261,0.984418241423716,0.631779762291448,6.30010952317128,0.288883665063937,0.188001543992069,0.20596808925621,23.7970539642894,0.266528646233743,2.62003702887802,21.1770169354114,1.60361116801722,25.8731618677966,0.025735747647903,1y
2005-11,0.317865012632621,0.892451217727326,0.578441710517877,5.86052967890552,0.277983793195405,0.191261669299651,0.195155916147433,26.4456162275893,0.252955005216461,2.38280818062956,24.0628080469597,1.24300847522333,28.1367356241765,0.02886489888046,1y
2005-12,0.390265155074091,0.930809744536757,0.540825920304216,5.5309771686657,0.293763930476238,0.178673628112232,0.184465140077194,28.4839499212754,0.238738414935537,2.35385971458373,26.1300902066917,1.55388938047662,30.4610428567648,0.042964719220215,1y
2006-01,0.340160575686052,0.855210533989282,0.515155852208624,5.06584941342742,0.274097391118063,0.186622103612508,0.168691391964772,25.6260802445178,0.218238988648612,2.36146103487372,23.2646192096441,1.89804794389834,27.9110585690295,0.037081868909957,1y
2006-02,0.39123741096985,0.927460909355316,0.53776112527367,5.67329501288214,0.300216051322809,0.182537339097738,0.182569969315626,24.6795687376052,0.236374266322937,2.37732629988576,22.3022424377194,1.85188088580328,26.950393859047,0.040742500473932,1y
2006-03,0.32483326908546,0.811512055605258,0.4874988673744,4.95275990249282,0.272083252447165,0.196090990614688,0.162441559026857,24.5267759099036,0.210265550348494,2.25614526414463,22.270630645759,1.92238771652938,26.8218707358083,0.038080597933446,1y
2006-04,0.36146833508814,0.91784882000103,0.556718449924933,5.75686334560259,0.316365730916117,0.186475575713511,0.191057124026159,23.0904340455596,0.247181577268958,2.41850589140575,20.6719281541538,1.69361780991934,25.222290556774,0.039392838549631,1y
2006-05,0.394195054307492,0.904470656790688,0.51071759318769,5.19942433855538,0.310625671812611,0.193031909015773,0.173897135063745,23.9869161716621,0.225047223117959,2.29629874162695,21.6906174300352,2.07314156446419,26.459002094308,0.048390266026755,1y
2006-06,0.392605528036475,0.928406303361927,0.536236695267549,5.43969235119477,0.310731269051637,0.186715386180976,0.185122349889306,21.6193840318854,0.23954945513777,2.42063310915817,19.1987509227272,2.14639587256405,24.1904517094765,0.033031915918642,1y
2006-07,0.36813683764123,0.915402369641767,0.547458395324724,5.82385913441684,0.289445270111431,0.181713140597814,0.187150206343569,20.3687279696338,0.242131915377394,2.36888412129727,17.9998438483365,1.92184176662982,22.7198518579845,0.02837893755159,1y
2006-08,0.341659581635023,0.93050203167153,0.589328096943144,6.10475244704305,0.276870249294537,0.176833976006105,0.204876178246196,20.7358280268081,0.265109435776354,2.41659099564017,18.3192370311679,1.47225717093125,22.6780708117619,0.024190196255568,1y
2006-09,0.266116389361765,0.759197435278547,0.498681716435523,5.60034289973903,0.231519522278141,0.175752642911373,0.167955327416159,21.8801708450804,0.218010012666649,2.07457183611278,19.8055990089677,1.05407649526165,23.3202126804249,0.0198629960708,1y
2006-10,0.12224112362028,0.448999004532,0.348545854959054,3.98899651705791,0.151287363666338,0.311204119594644,0.107524790576634,28.1317932269951,0.141378206003997,1.39994421430959,26.7318490126856,0.396101089238163,28.7767973128139,0.016369560446379,1y
2006-11,0.003301885724068,0.036414637059594,0.045572262754043,0.552676328847709,0.018421568665177,0.206061331431071,0.010369055233303,8.77093837983122,0.014186664610334,0.244176140187487,8.52676223964373,0.01089794921673,8.80639204889159,0.004436235401469,1y
2006-12,0,0,0,0,0,0,0,0,0,0,0,0,0,0,1y
2007-01,0,0,0,0,0,0,0,0,0,0,0,0,0,0,1y
2007-02,0,0,0,0,0,0,0,0,0,0,0,0,0,0,1y
2007-03,0,0,0,0,0,0,0,0,0,0,0,0,0,0,1y
2007-04,0,0,0,0,0,0,0,0,0,0,0,0,0,0,1y
2007-05,0,0,0,0,0,0,0,0,0,0,0,0,0,0,1y
2007-06,0,0,0,0,0,0,0,0,0,0,0,0,0,0,1y
2007-07,0,0,0,0,0,0,0,0,0,0,0,0,0,0,1y
2007-08,0,0,0,0,0,0,0,0,0,0,0,0,0,0,1y
2007-09,0,0,0,0,0,0,0,0,0,0,0,0,0,0,1y
2007-10,0,0,0,0,0,0,0,0,0,0,0,0,0,0,1y
2007-11,0,0,0,0,0,0,0,0,0,0,0,0,0,0,1y
2007-12,0,0,0,0,0,0,0,0,0,0,0,0,0,0,1y
2008-01,0,0,0,0,0,0,0,0,0,0,0,0,0,0,1y
2008-02,0,0,0,0,0,0,0,0,0,0,0,0,0,0,1y
2008-03,0,0,0,0,0,0,0,0,0,0,0,0,0,0,1y
2008-04,0,0,0,0,0,0,0,0,0,0,0,0,0,0,1y
2008-05,0,0,0,0,0,0,0,0,0,0,0,0,0,0,1y
2008-06,0,0,0,0,0,0,0,0,0,0,0,0,0,0,1y
2008-07,0,0,0,0,0,0,0,0,0,0,0,0,0,0,1y
2008-08,0,0,0,0,0,0,0,0,0,0,0,0,0,0,1y
2008-09,0,0,0,0,0,0,0,0,0,0,0,0,0,0,1y
2008-10,0,0,0,0,0,0,0,0,0,0,0,0,0,0,1y
2008-11,0,0,0,0,0,0,0,0,0,0,0,0,0,0,1y
2008-12,0,0,0,0,0,0,0,0,0,0,0,0,0,0,1y
2009-01,0,0,0,0,0,0,0,0,0,0,0,0,0,0,1y
2009-02,0,0,0,0,0,0,0,0,0,0,0,0,0,0,1y
2009-03,0,0,0,0,0,0,0,0,0,0,0,0,0,0,1y
2009-04,0,0,0,0,0,0,0,0,0,0,0,0,0,0,1y
2009-05,0,0,0,0,0,0,0,0,0,0,0,0,0,0,1y
2009-06,0,0,0,0,0,0,0,0,0,0,0,0,0,0,1y
2009-07,0,0,0,0,0,0,0,0,0,0,0,0,0,0,1y
2009-08,0,0,0,0,0,0,0,0,0,0,0,0,0,0,1y
2009-09,0,0,0,0,0,0,0,0,0,0,0,0,0,0,1y
2009-10,0,0,0,0,0,0,0,0,0,0,0,0,0,0,1y
2009-11,0,0,0,0,0,0,0,0,0,0,0,0,0,0,1y
2009-12,0,0,0,0,0,0,0,0,0,0,0,0,0,0,1y
2010-01,0,0,0,0,0,0,0,0,0,0,0,0,0,0,1y
2010-02,0,0,0,0,0,0,0,0,0,0,0,0,0,0,1y
2010-03,0,0,0,0,0,0,0,0,0,0,0,0,0,0,1y
2010-04,0,0,0,0,0,0,0,0,0,0,0,0,0,0,1y
2010-05,0,0,0,0,0,0,0,0,0,0,0,0,0,0,1y
2010-06,0,0,0,0,0,0,0,0,0,0,0,0,0,0,1y
2010-07,0,0,0,0,0,0,0,0,0,0,0,0,0,0,1y
2010-08,0,0,0,0,0,0,0,0,0,0,0,0,0,0,1y
2010-09,0,0,0,0,0,0,0,0,0,0,0,0,0,0,1y
2010-10,0,0,0,0,0,0,0,0,0,0,0,0,0,0,1y
2010-11,0,0,0,0,0,0,0,0,0,0,0,0,0,0,1y
2010-12,0,0,0,0,0,0,0,0,0,0,0,0,0,0,1y
2011-01,0,0,0,0,0,0,0,0,0,0,0,0,0,0,1y
2011-02,0,0,0,0,0,0,0,0,0,0,0,0,0,0,1y
2011-03,0,0,0,0,0,0,0,0,0,0,0,0,0,0,1y
2011-04,0,0,0,0,0,0,0,0,0,0,0,0,0,0,1y
2011-05,0,0,0,0,0,0,0,0,0,0,0,0,0,0,1y
2011-06,0,0,0,0,0,0,0,0,0,0,0,0,0,0,1y
2011-07,0,0,0,0,0,0,0,0,0,0,0,0,0,0,1y
2011-08,0,0,0,0,0,0,0,0,0,0,0,0,0,0,1y
2011-09,0,0,0,0,0,0,0,0,0,0,0,0,0,0,1y
2011-10,0,0,0,0,0,0,0,0,0,0,0,0,0,0,1y
2011-11,0,0,0,0,0,0,0,0,0,0,0,0,0,0,1y
2011-12,0,0,0,0,0,0,0,0,0,0,0,0,0,0,1y
2012-01,0,0,0,0,0,0,0,0,0,0,0,0,0,0,1y
2012-02,0,0,0,0,0,0,0,0,0,0,0,0,0,0,1y
2012-03,0,0,0,0,0,0,0,0,0,0,0,0,0,0,1y
2012-04,0,0,0,0,0,0,0,0,0,0,0,0,0,0,1y
2012-05,0,0,0,0,0,0,0,0,0,0,0,0,0,0,1y
2012-06,0,0,0,0,0,0,0,0,0,0,0,0,0,0,1y
2012-07,0,0,0,0,0,0,0,0,0,0,0,0,0,0,1y
2012-08,0,0,0,0,0,0,0,0,0,0,0,0,0,0,1y
2012-09,0,0,0,0,0,0,0,0,0,0,0,0,0,0,1y
2012-10,0,0,0,0,0,0,0,0,0,0,0,0,0,0,1y
2012-11,0,0,0,0,0,0,0,0,0,0,0,0,0,0,1y
2012-12,0,0,0,0,0,0,0,0,0,0,0,0,0,0,1y
2013-01,0,0,0,0,0,0,0,0,0,0,0,0,0,0,1y
2013-02,0,0,0,0,0,0,0,0,0,0,0,0,0,0,1y
2013-03,0,0,0,0,0,0,0,0,0,0,0,0,0,0,1y
2013-04,0,0,0,0,0,0,0,0,0,0,0,0,0,0,1y
2013-05,0,0,0,0,0,0,0,0,0,0,0,0,0,0,1y
2013-06,0,0,0,0,0,0,0,0,0,0,0,0,0,0,1y
2013-07,0,0,0,0,0,0,0,0,0,0,0,0,0,0,1y
2013-08,0,0,0,0,0,0,0,0,0,0,0,0,0,0,1y
2013-09,0,0,0,0,0,0,0,0,0,0,0,0,0,0,1y
2013-10,0,0,0,0,0,0,0,0,0,0,0,0,0,0,1y
2013-11,0,0,0,0,0,0,0,0,0,0,0,0,0,0,1y
2013-12,0,0,0,0,0,0,0,0,0,0,0,0,0,0,1y
2014-01,0,0,0,0,0,0,0,0,0,0,0,0,0,0,1y
2014-02,0,0,0,0,0,0,0,0,0,0,0,0,0,0,1y
2014-03,0,0,0,0,0,0,0,0,0,0,0,0,0,0,1y
2014-04,0,0,0,0,0,0,0,0,0,0,0,0,0,0,1y
2014-05,0,0,0,0,0,0,0,0,0,0,0,0,0,0,1y
2014-06,0,0,0,0,0,0,0,0,0,0,0,0,0,0,1y
2014-07,0,0,0,0,0,0,0,0,0,0,0,0,0,0,1y
2014-08,0,0,0,0,0,0,0,0,0,0,0,0,0,0,1y
2014-09,0,0,0,0,0,0,0,0,0,0,0,0,0,0,1y
2014-10,0,0,0,0,0,0,0,0,0,0,0,0,0,0,1y
2014-11,0,0,0,0,0,0,0,0,0,0,0,0,0,0,1y
2014-12,0,0,0,0,0,0,0,0,0,0,0,0,0,0,1y
2015-01,0,0,0,0,0,0,0,0,0,0,0,0,0,0,1y
2015-02,0,0,0,0,0,0,0,0,0,0,0,0,0,0,1y
2015-03,0,0,0,0,0,0,0,0,0,0,0,0,0,0,1y
2015-04,0,0,0,0,0,0,0,0,0,0,0,0,0,0,1y
2015-05,0,0,0,0,0,0,0,0,0,0,0,0,0,0,1y
2015-06,0,0,0,0,0,0,0,0,0,0,0,0,0,0,1y
2015-07,0,0,0,0,0,0,0,0,0,0,0,0,0,0,1y
2015-08,0,0,0,0,0,0,0,0,0,0,0,0,0,0,1y
2015-09,0,0,0,0,0,0,0,0,0,0,0,0,0,0,1y
2015-10,0,0,0,0,0,0,0,0,0,0,0,0,0,0,1y
2015-11,0,0,0,0,0,0,0,0,0,0,0,0,0,0,1y
2015-12,0,0,0,0,0,0,0,0,0,0,0,0,0,0,1y
2016-01,0,0,0,0,0,0,0,0,0,0,0,0,0,0,1y
2016-02,0,0,0,0,0,0,0,0,0,0,0,0,0,0,1y
2016-03,0,0,0,0,0,0,0,0,0,0,0,0,0,0,1y
2016-04,0,0,0,0,0,0,0,0,0,0,0,0,0,0,1y
2016-05,0,0,0,0,0,0,0,0,0,0,0,0,0,0,1y
2016-06,0,0,0,0,0,0,0,0,0,0,0,0,0,0,1y
2016-07,0,0,0,0,0,0,0,0,0,0,0,0,0,0,1y
2016-08,0,0,0,0,0,0,0,0,0,0,0,0,0,0,1y
2016-09,0,0,0,0,0,0,0,0,0,0,0,0,0,0,1y
2016-10,0,0,0,0,0,0,0,0,0,0,0,0,0,0,1y
2016-11,0,0,0,0,0,0,0,0,0,0,0,0,0,0,1y
2016-12,0,0,0,0,0,0,0,0,0,0,0,0,0,0,1y
