"timeindex","ar1","sd","sk","kurt","cv","returnrate","densratio","acf1","var","frequency"
68,-0.293966222287265,0.0159289801459572,0.0665265951928274,2.50386566036353,366.778265510145,-3.401751372043,0.298602541673025,-0.293376596098043,"cleaf","7y"
69,-0.278004924126779,0.0160105062734705,0.0778647326022923,2.46571622181686,96.6896279737537,-3.59705858858805,0.324077150160454,-0.27455754973745,"cleaf","7y"
70,-0.257250970014671,0.0156584507300686,0.0389006058277484,2.50703818241816,36.3583932104269,-3.88725453568929,0.352432809323231,-0.255055636241574,"cleaf","7y"
71,-0.227241382460657,0.0154005186360609,0.0344187581883294,2.59568122969205,114.294684051098,-4.40060691926626,0.396897768865829,-0.227073816541233,"cleaf","7y"
72,-0.207382136214348,0.0150956777514567,0.0584902719174432,2.67584736528561,22.9640664064572,-4.8220161015528,0.432970655882701,-0.206343554936556,"cleaf","7y"
73,-0.210435300170493,0.0150555071022831,0.000650165441575121,2.69056668382336,67.3421136878144,-4.75205442808221,0.429918137904282,-0.20803681157831,"cleaf","7y"
74,-0.206096247083149,0.015064294584836,0.0407858771769112,2.68608431700323,34.0763013944407,-4.85210193854988,0.434958382553246,-0.205246690856269,"cleaf","7y"
75,-0.221876048706623,0.0149923340399753,0.00717384712393608,2.70235438956563,-116.17875679316,-4.50702095079336,0.413238763725326,-0.217483434971991,"cleaf","7y"
76,-0.214970763995947,0.0149946135420534,0.0156310321023693,2.70084830264034,-87.5449457652202,-4.65179534840773,0.417740151691017,-0.214900928828309,"cleaf","7y"
77,-0.214601297649552,0.0151375104586855,0.00877029560184566,2.62444796430303,259.42376948612,-4.6598040689997,0.425343417748132,-0.210594715940322,"cleaf","7y"
78,-0.190294108119846,0.0148795101249769,0.05987297848344,2.56394516136438,75.1222058672753,-5.25502344702236,0.475656149504226,-0.183726908126905,"cleaf","7y"
79,-0.177767432676414,0.0144871187515119,0.040041085052695,2.65203954819137,-78.6609224416677,-5.62532734452142,0.487626805244623,-0.17771449224331,"cleaf","7y"
80,-0.194054040738458,0.0147732534184002,0.0123313503398872,2.58499384027886,-35.0399769285341,-5.15320369622077,0.472094381908552,-0.18554239555475,"cleaf","7y"
81,-0.181009982006922,0.0147451675877611,0.0437396818058026,2.59650734101764,183.427276266811,-5.52455720349036,0.487399062032618,-0.177827620038491,"cleaf","7y"
82,-0.174804732472544,0.0148093315916963,0.0221151859334733,2.62823852203453,133.796547175185,-5.72066891928721,0.518650112060473,-0.162737710961054,"cleaf","7y"
83,-0.126422847505796,0.0147705636564432,0.0124767863295573,2.65212154380309,360.271981391259,-7.90996263514911,0.602286772655376,-0.126134669078558,"cleaf","7y"
84,-0.148211223279686,0.0141994531721182,0.125461999724345,2.5460969063066,35.7406867287958,-6.74712736236529,0.553425572849296,-0.146897850663818,"cleaf","7y"
85,-0.154904238614216,0.0142513928573429,0.0906258811845093,2.50756696361653,24.4747194957095,-6.45560127305792,0.538158255736683,-0.153735500437084,"cleaf","7y"
86,-0.155141788553801,0.0142512076242888,0.103966880925958,2.50943988915832,27.4637508303402,-6.44571658817259,0.53517527650608,-0.155092357383149,"cleaf","7y"
87,-0.151304615270211,0.014305824412269,0.124668215837952,2.47962864499612,36.8568300031181,-6.60918371996865,0.546128678967478,-0.150143797931853,"cleaf","7y"
88,-0.133695671374514,0.0140639371500503,0.160923730681627,2.57827101525129,-610.897066937511,-7.47967372256023,0.584786254133164,-0.133384699457208,"cleaf","7y"
89,-0.119311809230696,0.0140671119303871,0.161218654340478,2.57664059033474,-516.214422448555,-8.38140001771698,0.621721873917645,-0.11831090210519,"cleaf","7y"
90,-0.129583628882421,0.0141765253249397,0.166025166689869,2.53883380607395,222.578235875491,-7.71702419992696,0.603067426876733,-0.125815874795323,"cleaf","7y"
91,-0.126411428719662,0.0141591227060897,0.155706770351712,2.54818594933803,117.547464350396,-7.91067714468813,0.601739966486963,-0.12635819783446,"cleaf","7y"
92,-0.128301776618164,0.014175339644851,0.19941887426728,2.54980635483684,-125.117314978395,-7.79412433996198,0.598798454659044,-0.127563930883718,"cleaf","7y"
93,-0.156679904457454,0.015427146033244,0.551549375433889,3.44589562674916,28.4335442848491,-6.38243942937523,0.587360832790981,-0.132305499743195,"cleaf","7y"
94,-0.220087700375522,0.0156177454877799,0.526904582001104,3.36512754344635,43.3064699718216,-4.54364327626561,0.420200704153508,-0.213499753054599,"cleaf","7y"
95,-0.157149338640647,0.0154125518907977,0.582405734977647,3.40166740565026,31.0115290439941,-6.36337390058445,0.538030350469884,-0.153793537696878,"cleaf","7y"
96,-0.139524372424575,0.0151585337499902,0.639484956393248,3.61956270266002,158.23726402488,-7.16720657919883,0.57065968222041,-0.139386214298508,"cleaf","7y"
97,-0.132306767508706,0.0151844439074282,0.639736921707825,3.60453328616388,254.412761590173,-7.55819236483275,0.590281039124616,-0.131086753587615,"cleaf","7y"
98,-0.135750687532894,0.0152223401311552,0.628346898193598,3.56337923524161,129.21376906815,-7.36644519577618,0.582016004673333,-0.134550881659789,"cleaf","7y"
99,-0.116477022077199,0.0151948590324556,0.588603817021303,3.54741360616041,41.9649902428459,-8.58538432874097,0.627169493901539,-0.116159144156223,"cleaf","7y"
100,-0.141546042712109,0.0149951375687357,0.652843742694129,3.75020439874691,-280.823521659034,-7.06483897987811,0.566648512880805,-0.141115522543626,"cleaf","7y"
101,-0.15207918433105,0.0150522737350495,0.645674847036164,3.69944157297749,5225.5681541409,-6.57552185329437,0.548211587678958,-0.149213164747059,"cleaf","7y"
102,-0.153293914093677,0.0150573323641261,0.661327671541287,3.70895124836065,-189.052176658947,-6.52341618329941,0.539433160416189,-0.153157704812218,"cleaf","7y"
103,-0.158776101791808,0.0151690741240787,0.61424900637788,3.57556852761777,94.8492760823024,-6.29817704752084,0.532167119038263,-0.156467748060985,"cleaf","7y"
104,-0.151716332615403,0.0149639172259905,0.649522145218486,3.66651496752683,43.204614047925,-6.5912481719089,0.544917554105746,-0.150686432567689,"cleaf","7y"
105,-0.14208589527268,0.0150327965223369,0.69681321780747,3.70251831766024,-133.136444079065,-7.03799626332281,0.571143236152987,-0.139178506810383,"cleaf","7y"
106,-0.143862873034502,0.0150449017110274,0.686121965761788,3.6819607267304,-232.076674265827,-6.95106373803738,0.560949282852677,-0.143592253275252,"cleaf","7y"
107,-0.150242982241004,0.0150260797626339,0.635143559976057,3.63937945496293,57.0718636672439,-6.6558849211067,0.548193083985629,-0.149221417697058,"cleaf","7y"
108,-0.153484196256077,0.0150680282525124,0.632426685280348,3.61548738365577,70.2131486385392,-6.51532877255697,0.543350716062873,-0.15139009795564,"cleaf","7y"
109,-0.158814522863257,0.0150265364461981,0.659754277888377,3.67547280452554,170.276319637131,-6.2966533662732,0.527079527362094,-0.158810283071783,"cleaf","7y"
110,-0.173007067742076,0.0149928355505326,0.706204674173392,3.74916338142986,-102.045102230747,-5.78011068016497,0.497971418861015,-0.172626083953426,"cleaf","7y"
111,-0.165811080854807,0.0150124354651948,0.751867622945017,3.85191326996025,-20.6689907413077,-6.03096002296525,0.52138269382078,-0.161458161194685,"cleaf","7y"
112,-0.216552526731842,0.0159377422314889,0.819937938884624,3.77728576889841,-371.293691372675,-4.6178172801387,0.458796402950499,-0.192432096753584,"cleaf","7y"
113,-0.253040287107364,0.0160083427314302,0.865034883077801,3.83932899675845,-29.0431820182497,-3.95193987262472,0.363830023191682,-0.247600107019904,"cleaf","7y"
114,-0.244184833895625,0.0160014261840415,0.903666034502549,3.89320957007042,-20.9226285284411,-4.09525843209183,0.370145648455113,-0.243556327772629,"cleaf","7y"
115,-0.231858277180355,0.0160105784127979,0.943406829438621,3.94075703811148,-15.9278452481985,-4.31297951559492,0.390627086006992,-0.230847258002329,"cleaf","7y"
116,-0.268775898459847,0.0159167226168695,0.905010138260261,3.8837534468827,-32.3487706077851,-3.72057169459855,0.336944779830705,-0.265531503152638,"cleaf","7y"
117,-0.240766965981317,0.0158425943986399,0.862739865919109,3.81005375877369,360.550228870498,-4.1533937013502,0.38027308297537,-0.237196700121735,"cleaf","7y"
118,-0.225898669689809,0.0158407160118007,0.863144683506299,3.81197017744495,378.950830306987,-4.42676356338504,0.403089389676147,-0.223399437851005,"cleaf","7y"
119,-0.242999128426699,0.0160778261979117,0.842429894844206,3.7164533492017,-58.8241521569955,-4.11524109767189,0.382260108236543,-0.235966454110912,"cleaf","7y"
120,-0.244899013753557,0.0159378458293554,0.87226983296388,3.77337879178336,-105.352233889637,-4.08331574992092,0.372479307317849,-0.242077437830589,"cleaf","7y"
121,-0.25365662736281,0.0158642187179838,0.831696241961,3.75168838390495,73.7641230129911,-3.94233736526694,0.356449527461553,-0.252404353091478,"cleaf","7y"
122,-0.276902909775065,0.0168151011300482,0.512305893534955,3.8910614642972,-36.7260558825643,-3.61137411236424,0.364888735849704,-0.246917960569794,"cleaf","7y"
123,-0.227139483861239,0.0168287996540603,0.541363997548154,3.90124204162892,-26.4793637853815,-4.40258110567384,0.397836164929201,-0.226513676818169,"cleaf","7y"
124,-0.241291339468366,0.0171709844140122,0.489433969959574,3.66213294391039,-264.398608307837,-4.14436756082207,0.390531265222691,-0.230905333706047,"cleaf","7y"
125,-0.251831725535108,0.0172413210495126,0.498707385595139,3.62331422793266,-89.306544295946,-3.97090556352714,0.360905867523392,-0.249493262096928,"cleaf","7y"
126,-0.254643102225086,0.0172589056196588,0.477104309297198,3.59528471255664,-234.886700433107,-3.92706494408034,0.353871283435399,-0.254103136804415,"cleaf","7y"
127,-0.245718292463878,0.0172367130143272,0.455327712447704,3.59782697506583,252.615533275418,-4.06970107912095,0.366841057528827,-0.245664582694161,"cleaf","7y"
128,-0.241629253507544,0.017193892744008,0.455699141780389,3.62253718591089,513.810465891603,-4.13857173948841,0.380778967842968,-0.236882950095093,"cleaf","7y"
129,-0.219581172402062,0.0174469761509648,0.401218559208272,3.43715824865663,33.9389584818563,-4.55412451377643,0.421425309270834,-0.212805122898154,"cleaf","7y"
130,-0.214229744284146,0.0173715950937398,0.349215594954465,3.43211119312109,16.7084385754816,-4.66788588737537,0.423205839056221,-0.211798367028372,"cleaf","7y"
131,-0.19767630095417,0.0173551216208394,0.349674595277358,3.44054671323032,16.4090311360295,-5.05877535735476,0.453083579875039,-0.195447511958091,"cleaf","7y"
132,-0.197087953049771,0.0168550384077436,0.36402880912139,3.64326447219374,41.2640748199248,-5.0738768378576,0.45149440005654,-0.196292432075932,"cleaf","7y"
133,-0.20007367140722,0.0169058995774052,0.331098330750801,3.58664027430892,28.2892685248785,-4.99815889300422,0.446708896541719,-0.198853031228258,"cleaf","7y"
134,-0.190836008681025,0.0169210545509052,0.328709417410365,3.57431739809679,27.4053002979998,-5.24010120999472,0.46528216567945,-0.189049548800136,"cleaf","7y"
135,-0.211707929970846,0.0174031958336024,0.271887614915022,3.43011386144559,104.284972333795,-4.72348862953649,0.444180027906844,-0.200216155561811,"cleaf","7y"
136,-0.18362788228674,0.0174593156803167,0.310183946595538,3.40888905336673,-161.214072665407,-5.44579607163618,0.478724319109381,-0.182172882548375,"cleaf","7y"
137,-0.182364076084529,0.0174100050907664,0.318232531660175,3.4463295655424,-99.2432268849977,-5.48353612987068,0.480260004484581,-0.181398454014273,"cleaf","7y"
138,-0.182414764545624,0.0173613642876024,0.305565424139918,3.47438827548612,-268.364202127405,-5.48201239351922,0.47850570741041,-0.182283309429123,"cleaf","7y"
139,-0.188226197040875,0.0175825333963714,0.279027055303919,3.32844202578814,78.9609438749584,-5.31275675607918,0.476161024289157,-0.183470564840926,"cleaf","7y"
140,-0.176260407897599,0.0175479232702207,0.297010197300612,3.36073075004622,151.954507863281,-5.67342383878383,0.490631731154144,-0.17622633388699,"cleaf","7y"
141,-0.172159954694103,0.0174793063688181,0.264447799479179,3.39296377238602,48.410222201536,-5.80855171446122,0.499129601809316,-0.172062404646567,"cleaf","7y"
142,-0.161481683859695,0.0177212729139425,0.25268029733876,3.2576516764845,28.8057220537906,-6.19265278945728,0.531713996520996,-0.156675545546008,"cleaf","7y"
143,-0.157442519800553,0.0175874638125643,0.219528133809318,3.32308966145265,18.7739784662417,-6.35152436118775,0.530251111360988,-0.157347525495846,"cleaf","7y"
144,-0.15579909123209,0.0175951849331436,0.224186349926043,3.31893765033367,19.4198726756984,-6.41852267617099,0.534103463119765,-0.155581593106533,"cleaf","7y"
145,-0.133354263147508,0.0176742258664084,0.277217165648112,3.31236810739831,50.2146523707159,-7.49882288272901,0.591610731374286,-0.130533672250489,"cleaf","7y"
146,-0.0888906540077609,0.018177496826533,0.149896557674907,3.34763743656603,243.119238447276,-11.2497766065788,0.71987143953316,-0.0820244643823557,"cleaf","7y"
147,-0.033477607238805,0.0184197454918058,0.171817297659013,3.23543215385773,-58.6668108622919,-29.870713066998,0.877724074992895,-0.0326109902918867,"cleaf","7y"
148,-0.0307502485222824,0.0182311293638748,0.1283058959235,3.29702792591442,67.1185997479409,-32.5200623752805,0.88521606247486,-0.0304872086004457,"cleaf","7y"
149,-0.0504458921756019,0.0181405228875212,0.145860303762469,3.35925144501036,150.327535256313,-19.8232196294399,0.817457223362491,-0.0503716001925962,"cleaf","7y"
150,-0.067178084124336,0.0178168743264897,0.176812041254305,3.48511091498933,-30.2811465624446,-14.8858070758487,0.766535702800961,-0.0664027355304415,"cleaf","7y"
151,-0.0656272312815358,0.0178030351133806,0.18544698200737,3.49785520279878,-27.7925304798376,-15.2375771531497,0.769007173343049,-0.0656011477338416,"cleaf","7y"
152,-0.0623654443391162,0.017832150742774,0.188951609741651,3.47971525993865,-26.0176164172038,-16.0345205681921,0.780588300638734,-0.061877856416756,"cleaf","7y"
153,-0.0969189162209385,0.0191492391013484,0.469384497683088,3.86068065779861,2476.2229551481,-10.3179032431644,0.714968814975832,-0.0837218281326954,"cleaf","7y"
154,-0.140532554695973,0.0193675298357584,0.476638959174653,3.75578104116998,-60.2915627156617,-7.11578895127461,0.575264028946768,-0.137415054788045,"cleaf","7y"
155,-0.144604501147202,0.0193402024168788,0.447665861198842,3.75576518840173,-176.114413201474,-6.91541405742298,0.558916102262078,-0.144481473481487,"cleaf","7y"
156,-0.143672755735817,0.0194615934155504,0.397804140470566,3.64461491491945,78.6990616714337,-6.96026184559852,0.565199067837958,-0.14174321107413,"cleaf","7y"
157,-0.124781013956249,0.0194731479676533,0.350476380438263,3.6103550282832,33.0263179022505,-8.01403970279184,0.607383963766452,-0.124060088262174,"cleaf","7y"
158,-0.140389624293164,0.0197432880944451,0.367742710868669,3.5773189252502,-106.063125067772,-7.12303352213397,0.581814239903222,-0.134636019977224,"cleaf","7y"
159,-0.119514996308283,0.0198007924026805,0.384297963117451,3.55012594426105,-58.1198066031061,-8.36715082532866,0.620458403076881,-0.11881249440486,"cleaf","7y"
160,-0.0955882269161829,0.0198575810082277,0.390126107244289,3.52143945865499,-45.6274819397062,-10.4615393784514,0.68378918226439,-0.0947844783739919,"cleaf","7y"
161,-0.0602273546084698,0.018848244250615,0.283623104900662,3.57628608782472,-15.8040259417185,-16.6037510114942,0.7857759794027,-0.0602273510748253,"cleaf","7y"
162,-0.0764465132093212,0.018687616918961,0.273183032555215,3.6640511242811,-19.4639544281137,-13.0810413453634,0.736451331404168,-0.0763652904117547,"cleaf","7y"
163,-0.0818701257593125,0.0186061385877523,0.226508102709864,3.69729076884059,-32.8175701978741,-12.2144676183822,0.721216623515796,-0.0815606778950671,"cleaf","7y"
164,-0.0874018710223664,0.0186469491454404,0.239941413201729,3.67205348856777,-27.5952184847157,-11.4414026645276,0.705630620800581,-0.0869859107253295,"cleaf","7y"
165,-0.0854066785674111,0.0186254706012135,0.197872603925577,3.67367944594983,-48.8330360439401,-11.7086862148691,0.710897250090424,-0.0851399610414215,"cleaf","7y"
166,-0.0869230102046101,0.0185864068149787,0.207677435150397,3.70539322017571,-40.8641425729699,-11.5044336090763,0.706377821468124,-0.086723216866574,"cleaf","7y"
167,-0.0865479498739526,0.01857469844185,0.23668226100879,3.72329710932519,-29.1003500480136,-11.5542887088185,0.707140992777332,-0.0864551823492498,"cleaf","7y"
168,-0.0819705917096646,0.0185591872457977,0.221658044266052,3.73061847695744,-34.4343441919261,-12.1994971506604,0.720029849338321,-0.0819698054233484,"cleaf","7y"
169,-0.0782893061727515,0.020569190601335,0.757733988570952,5.00425898426009,66.9896957970755,-12.7731365736391,0.776741418637811,-0.0631086510391734,"cleaf","7y"
170,-0.0512381628178207,0.0205679107413849,0.741263008427633,4.98868821990566,48.7973607640074,-19.5167028832696,0.814699401995751,-0.0512146390739862,"cleaf","7y"
171,-0.0467320661705687,0.0204909436190194,0.782549343948007,5.09924362835909,127.756004850686,-21.3985830703498,0.829510800510281,-0.0467191866464308,"cleaf","7y"
172,-0.0521807913875878,0.0204931282879587,0.78278809558879,5.09784891244149,131.36336282757,-19.1641401636133,0.812177933493538,-0.0519878630649345,"cleaf","7y"
173,-0.0459191391043275,0.0204083207318584,0.782734379904047,5.1553634828731,72.6677587664656,-21.7774117613141,0.832670103659732,-0.0457704358857587,"cleaf","7y"
174,-0.0460272211991574,0.0204075242039815,0.80399343522373,5.17900764779188,151.161569786779,-21.7262735821711,0.831939259299874,-0.0459895983345848,"cleaf","7y"
175,-0.0428492578231622,0.0204173329526125,0.800926157248367,5.16674752274475,133.324190350826,-23.3376270862607,0.843154694919812,-0.0426468847922712,"cleaf","7y"
176,-0.0484853294640365,0.0204141262010786,0.800960789878538,5.16896769895032,129.461088076861,-20.6247953979923,0.824791503116894,-0.0481429994766899,"cleaf","7y"
177,-0.0591408363561679,0.0205879324260944,0.752921723064265,4.96850502621699,43.5193501060816,-16.9087902980883,0.792319559515606,-0.0581604560320721,"cleaf","7y"
178,-0.0613358989099359,0.0205747412976943,0.736028621826376,4.96242431326778,34.2262208008164,-16.3036658428757,0.782320952604225,-0.0613254189646032,"cleaf","7y"
179,-0.0289999741209467,0.0204158040867057,0.713449774163867,5.04465568999832,20.6965725628521,-34.4827893924809,0.890577485336317,-0.0289782174518412,"cleaf","7y"
180,-0.0037025508498951,0.0200879773993543,0.712085142231885,5.3087597701067,-194.435967935369,-270.084069210915,0.985808904215991,-0.00357512359539666,"cleaf","7y"
181,-0.00489729050678935,0.0199479001152312,0.706161096171357,5.41109044794688,153.666068942013,-204.194543618283,0.980623521149112,-0.00489429036766025,"cleaf","7y"
182,-0.00711628011094138,0.0199323437287334,0.700472389474844,5.42016196213953,109.010229463185,-140.522855257269,0.971967224825572,-0.00711203215723311,"cleaf","7y"
183,0.00109019568036595,0.0200638209930368,0.695977928062721,5.32062840095047,1316.24017320908,917.266521973677,1.0042958347752,0.00107224861724958,"cleaf","7y"
184,-0.00216942751461288,0.0200070624072754,0.741899821522098,5.42161927978433,-70.0048023189688,-460.951100354438,0.99137750605329,-0.00216615257405293,"cleaf","7y"
185,-0.00865209012501724,0.0199454856319121,0.79760193162629,5.54369382407535,-29.6029353943005,-115.579008719354,0.966123101916712,-0.0086204478181919,"cleaf","7y"
186,0.000106509528548046,0.0198950185626893,0.812335683359366,5.61066230049498,-26.1701351363369,9388.83134337506,1.00042471716142,0.000106215131625977,"cleaf","7y"
187,-0.0159367335261051,0.0197885266087782,0.82289144614976,5.6939844099671,-30.6905748502323,-62.7481157516973,0.938726719039993,-0.0158148231047484,"cleaf","7y"
188,-0.0292295697607354,0.0201352942592911,0.752333063567118,5.31703921356907,394.24255430391,-34.2119301852783,0.893892173512388,-0.0280497562975198,"cleaf","7y"
189,0.010453893354157,0.0202345399583343,0.731010503814181,5.20346364133314,105.40089836386,95.6581405723206,1.0421222020618,0.0103202271685567,"cleaf","7y"
190,-0.0108401325853566,0.0194595003247019,0.932733452894196,5.50158573790103,26.142213347906,-92.2497941907875,0.957717316919582,-0.0108060468543904,"cleaf","7y"
191,-0.00703143674829609,0.0195429339147689,0.87358334523237,5.34596125662547,17.3468849897802,-142.218444934789,0.972589165504189,-0.00695203617479344,"cleaf","7y"
192,0.0123055842219097,0.0192453374662992,0.923764717465131,5.68259042640378,24.7928007789903,81.2639190441302,1.05038528407913,0.0122955651102556,"cleaf","7y"
193,0.00926932014383978,0.0196597877324064,0.828562341005734,5.43705004173047,42.7019442991163,107.882777213665,1.03585849952794,0.00881233894084782,"cleaf","7y"
194,0.00766132250893154,0.019646194320852,0.842145525811975,5.46567677839619,51.6264759167432,130.525767429083,1.03110220298548,0.00766120809826526,"cleaf","7y"
195,0.00617699319973311,0.0196501008318701,0.853967015388564,5.47540825442874,65.569636512599,161.891063769215,1.02498898185215,0.00617382244928301,"cleaf","7y"
196,-0.0123187787167162,0.0195436045269833,0.919126769889865,5.66280196342195,-137.349346107588,-81.1768782438663,0.95213090685984,-0.0122691511160027,"cleaf","7y"
197,-0.0279648140199037,0.0192955437025659,0.991228735297859,6.00380581649347,-31.9649850957216,-35.7592222600966,0.894303138888701,-0.0279348792393239,"cleaf","7y"
198,-0.0200004418908607,0.0191917336479384,1.02691402368528,6.1656486675826,-24.2753894183305,-49.9988952972561,0.923198355169331,-0.0199856868863501,"cleaf","7y"
199,-0.0267126156050501,0.0192045307889218,1.02616672047886,6.15440293440924,-23.7651473788894,-37.4354954522292,0.899494634503898,-0.0264881656345296,"cleaf","7y"
200,-0.044077473583449,0.0196864696824065,0.950541217710281,5.62164613996728,-124.229417250846,-22.6873257176768,0.845747107155291,-0.0418804148288194,"cleaf","7y"
201,-0.0234518983542445,0.0197565763345739,0.934381679793007,5.53282642170831,-300.998567180608,-42.6404713552331,0.911520698871345,-0.0231682599030384,"cleaf","7y"
202,-0.0135804727075476,0.0197344744995188,0.987779822737656,5.63174242027833,-43.572851311647,-73.6351393309183,0.947429000425182,-0.0135072245941658,"cleaf","7y"
203,-0.0382344185531149,0.0193955221448701,1.01025320047687,5.76753904361234,82.0804596288226,-26.1544450744245,0.859151864296443,-0.0379535165855343,"cleaf","7y"
204,-0.0507060628094647,0.0197349639321746,0.939382414510386,5.54544278598571,-381.249463638604,-19.7215075395943,0.823049814096632,-0.0486704761176812,"cleaf","7y"
205,-0.0356709311115856,0.0197268401396621,0.981154472128472,5.61100310899511,-57.7926593970124,-28.0340313201191,0.86743724246917,-0.0355562548032255,"cleaf","7y"
206,-0.0338186123869793,0.01972880113182,0.963416148257579,5.58585976263764,-87.3474607810571,-29.5695159977947,0.873571759108164,-0.0337957536622035,"cleaf","7y"
207,-0.0391050299980237,0.0195669119376356,1.03835209432778,5.85013761766542,-26.4326820675491,-25.5721578541312,0.855847677310733,-0.0389158682388264,"cleaf","7y"
208,-0.0367630593682822,0.0195781312511964,1.05665085861251,5.86564508074172,-22.406195789788,-27.2012182115279,0.863440272249353,-0.0367099059991422,"cleaf","7y"
209,-0.0431629758808573,0.0195887531946648,1.04999638816557,5.84551119464106,-23.3597712500958,-23.1680040495886,0.841690818854615,-0.0430807119860733,"cleaf","7y"
210,-0.0464015652306073,0.0193887823642068,1.07938891921115,6.08359146912205,-18.8258081738244,-21.5509971491302,0.83171176220405,-0.0460578575539991,"cleaf","7y"
211,-0.0446195115970296,0.0193777542486672,1.09036392948442,6.11106207110604,-17.7676129428824,-22.4117199899286,0.836530649435621,-0.0446158607957038,"cleaf","7y"
212,-0.0464607379876516,0.0195172301260334,1.03011258486506,5.8799219851022,-25.9132598098128,-21.5235496316434,0.8326116957636,-0.0457879440850643,"cleaf","7y"
213,-0.0891904447108349,0.0194339177954197,1.03981775568353,5.9473470908241,-29.5509019687375,-11.2119633806302,0.701212008419968,-0.0885448221020153,"cleaf","7y"
214,-0.163634776230776,0.0194621185522826,1.1405245348936,5.66378927765176,34.2608464670552,-6.11117039442573,0.540823879314177,-0.152528857162193,"cleaf","7y"
215,-0.15296699128087,0.0192301546474585,1.1712090061956,5.82758316654259,22.6385992307045,-6.53735810338228,0.540394336161124,-0.152722926122437,"cleaf","7y"
216,-0.158344928268539,0.0191809351515042,1.19050567489447,5.90728507200514,25.3153859397998,-6.3153269949012,0.528783719305749,-0.158023293248977,"cleaf","7y"
217,-0.162701699403508,0.0194881228457913,1.16310130063846,5.73361246389215,75.7083068040298,-6.14621730237712,0.529867779031011,-0.157523892505182,"cleaf","7y"
218,-0.193960398667253,0.0197507664432069,1.07928980462331,5.36270100936365,20.4746711954995,-5.15569160958233,0.469470429793761,-0.18688782889343,"cleaf","7y"
219,-0.210824861053303,0.0199140725067875,1.08507890531559,5.27835371437928,31.311727451618,-4.74327361110969,0.43103052538573,-0.207418517162189,"cleaf","7y"
220,-0.17879368045815,0.0198373532590751,1.06853280022579,5.3061850522155,22.9605613872543,-5.59303884475979,0.485473093768221,-0.178786243500105,"cleaf","7y"
221,-0.143599193985582,0.0186026547637587,0.97822956874512,5.66713259620455,107.672576164608,-6.96382738819831,0.562551177102207,-0.142893761702209,"cleaf","7y"
222,-0.140462194560427,0.0183699454286802,0.981921123688098,5.82269335943115,31.3171037561095,-7.11935338280509,0.56834949152457,-0.140380806060409,"cleaf","7y"
223,-0.14170792483305,0.0184145526054954,0.96042777470211,5.74574669903419,26.5319408445002,-7.05676835771977,0.567062777740745,-0.140936397412192,"cleaf","7y"
224,-0.140028110275026,0.018536863242442,0.948001346582075,5.61114299522817,23.2384499502229,-7.14142323306317,0.578026105670709,-0.136239622069592,"cleaf","7y"
225,-0.138400415814125,0.0186002019706337,0.992202746737787,5.63506988897385,51.2816563025382,-7.22541181771463,0.577115195391614,-0.136626690993003,"cleaf","7y"
226,-0.187413411280403,0.0184565150391945,1.00970419518772,5.52293918738067,14.5405061244544,-5.3357974392976,0.480627847951687,-0.181213288933636,"cleaf","7y"
227,-0.206996918326821,0.0184293116417561,1.01090356474833,5.54413272713898,14.0882690085656,-4.83098979483904,0.433941288814916,-0.205807378926453,"cleaf","7y"
228,-0.208295429328513,0.0183225245683501,1.00927543877675,5.62253631738421,12.2709864489167,-4.80087346718901,0.429754177535614,-0.208128066248485,"cleaf","7y"
229,-0.204768311379298,0.0185096032146506,1.00047724485967,5.48749735960247,15.272999890021,-4.88356813251085,0.443381579460763,-0.200647990095687,"cleaf","7y"
230,-0.190323436971625,0.0185212317182974,1.00206891647779,5.47995691235075,15.6226544967676,-5.25421364762916,0.464098364843844,-0.189663746443573,"cleaf","7y"
231,-0.178633661118768,0.0186346794752468,1.03042069363277,5.44639979374064,23.3435565650061,-5.59804906721993,0.490984039518642,-0.176052401225404,"cleaf","7y"
232,-0.160616226385414,0.0186795356766992,1.02707375363046,5.41288219753898,25.2666968027133,-6.22602100985991,0.526956558642243,-0.158867160146252,"cleaf","7y"
233,-0.138814546313514,0.0190809500086344,0.978691415305309,5.22520798023447,132.516287791009,-7.20385598308617,0.586158755796843,-0.132808830127538,"cleaf","7y"
234,-0.101438338051978,0.0192558153216778,0.995042370493611,5.15241373388749,-67.4611401224453,-9.8582056765125,0.671036645215601,-0.0994482932975975,"cleaf","7y"
235,-0.0878853095228479,0.0193102743058661,1.00007645196978,5.12104362204704,-48.4221528582691,-11.3784659282565,0.704744976379955,-0.0872976220067239,"cleaf","7y"
236,-0.0920244777115561,0.0193338531920508,0.980096124538831,5.0736623807154,-67.1646043831898,-10.866674007479,0.692061987924428,-0.0918030529145493,"cleaf","7y"
237,-0.127069147018017,0.0173563454329694,0.335188637508734,2.74469632049797,-17.6685467766781,-7.86973095725753,0.612334234228175,-0.122060870866415,"cleaf","7y"
238,-0.101481167954515,0.0174351987153324,0.314764024383027,2.69198006451955,-20.6874650339352,-9.85404504260542,0.668317379923873,-0.100453663731529,"cleaf","7y"
239,-0.108629106898594,0.0174808395478536,0.331293244362831,2.67548096005214,-17.9921513738463,-9.20563584245893,0.648095668772451,-0.108054102482612,"cleaf","7y"
240,-0.12422041948649,0.017662041773004,0.275520139713064,2.57518716651711,-35.215579215061,-8.05020627151207,0.614395785613011,-0.121232762293669,"cleaf","7y"
241,-0.126854241076072,0.0176338519978325,0.264520598495876,2.58571161665866,-42.0336624489806,-7.88306320322643,0.600683074470204,-0.126790784108789,"cleaf","7y"
242,-0.120442210495563,0.0179142988609562,0.259622279639869,2.51511498915407,-24.0603504760244,-8.30273702122761,0.625907853917826,-0.116655910346939,"cleaf","7y"
243,-0.0638365246262617,0.0184216957074402,0.22576432397246,2.54013059629553,-12.4310865898831,-15.6650131857054,0.786528241596042,-0.0599888894933944,"cleaf","7y"
244,-0.0156425472525228,0.0185114955054197,0.226510185514712,2.51134883054511,-11.679413283734,-63.9282070788516,0.940328072584958,-0.0153886005264755,"cleaf","7y"
245,-0.0441943247867561,0.0185920790499031,0.232379594292454,2.49893891875414,-12.1707607892483,-22.6273397053839,0.842837497355846,-0.0427408253636238,"cleaf","7y"
246,-0.0533387890808337,0.0186073185640599,0.259233760527155,2.50051632922717,-10.9191792019097,-18.7480821599554,0.808209261478209,-0.0532096273851167,"cleaf","7y"
247,-0.0428763184322376,0.0185911821996572,0.285331763499859,2.51847711705929,-9.95893159423997,-23.3228979671008,0.842462636880204,-0.0428518878562219,"cleaf","7y"
248,-0.0577340331832149,0.0194218749598455,0.451579503096714,2.8888717018209,-30.7013968921846,-17.3208062015444,0.815122580932497,-0.0510850970480545,"cleaf","7y"
249,-0.0351888890281905,0.0194396378068896,0.426313200282933,2.86404040034401,-41.2157596240816,-28.4180611442117,0.868986079510999,-0.0351106139896973,"cleaf","7y"
250,-0.0312962420634153,0.019638583684359,0.378382795084228,2.74687035138853,-244.979422160014,-31.9527180922779,0.884599909497704,-0.0306612031132267,"cleaf","7y"
251,-0.0357853634570114,0.0194685412965716,0.356263347896666,2.79776777051436,78.5361898522569,-27.9443857319289,0.866646949456964,-0.0357839438039391,"cleaf","7y"
252,-0.0384156515285934,0.0195351085749033,0.31017032537232,2.74264064750075,34.1713487855097,-26.0310566190888,0.858693932609237,-0.0380866733827955,"cleaf","7y"
253,-0.0244018039098707,0.0196140967044295,0.254658129745205,2.6834253022837,19.461480226277,-40.9805768333173,0.908160453504608,-0.0240915130571054,"cleaf","7y"
254,-0.0397134152520637,0.0198932930454497,0.278519401654907,2.62318156255669,40.5055680262597,-25.180408022149,0.857089841674802,-0.0385536586170966,"cleaf","7y"
255,0.00346281439493376,0.0199882240806069,0.276106958709842,2.59655897582902,51.1037944608312,288.782442819645,1.01368609524624,0.00340018987008738,"cleaf","7y"
256,-0.0319525483600431,0.0196468228764483,0.26985780071528,2.68221961566236,191.390030357904,-31.296408309345,0.880827036709613,-0.0317292269015425,"cleaf","7y"
257,-0.0442565944751911,0.01993174930949,0.289346254687702,2.68327683696696,-29.6205364999861,-22.595502700972,0.843887362869754,-0.0424300314569735,"cleaf","7y"
258,-0.0650592281869545,0.0200942145216605,0.237870102250983,2.59700291701377,-86.6896264901818,-15.3706096409013,0.774305522489966,-0.0638910613804509,"cleaf","7y"
259,-0.0608025005226654,0.0200016313674351,0.250931269417579,2.64178709218414,-55.1493088760492,-16.4466920176618,0.78462075425852,-0.0605939801770942,"cleaf","7y"
260,-0.0506254594891818,0.0200113786046104,0.246665042350693,2.63540842182596,-59.985354136207,-19.752907135859,0.816980968993694,-0.0505169883554431,"cleaf","7y"
261,-0.0465991807823156,0.0196703879635115,0.235591166172302,2.63701922290204,42.9607743728262,-21.4596047229118,0.831868555181868,-0.0460108107537087,"cleaf","7y"
262,-0.0453529121038466,0.0196705364392912,0.234941063225703,2.63673713616774,42.5704426341287,-22.0493007750033,0.834068147158071,-0.0453517195783726,"cleaf","7y"
263,-0.0470909655784424,0.0196721292862638,0.236001223378497,2.63626395482916,43.2860216576033,-21.2354957626477,0.828388270418883,-0.0470571363049279,"cleaf","7y"
264,-0.0549181572415942,0.0199168577941981,0.185167723220505,2.5409989067536,19.4297051839438,-18.2089139590178,0.807729384755045,-0.0533577539431298,"cleaf","7y"
265,-0.0682940109537362,0.0199829542114485,0.195778942098248,2.51662587534968,22.0809551672843,-14.6425724018087,0.762455096957603,-0.0677317061365154,"cleaf","7y"
266,-0.0583979441970358,0.0200503379889749,0.225205466472612,2.49642792952645,30.2066875788588,-17.1238904682326,0.792837662048806,-0.0579975132336009,"cleaf","7y"
267,-0.0254270794307197,0.0201720501641946,0.220950238516808,2.46692647809928,37.1640088961183,-39.3281502393803,0.905262581878943,-0.0248904384978588,"cleaf","7y"
268,-0.0786973935389222,0.0200828877394609,0.209424426360513,2.46289396378313,40.9843715014848,-12.7069011441328,0.738235608253431,-0.0757635785291192,"cleaf","7y"
269,-0.0873780274763122,0.0200610333158066,0.266546753708536,2.49396727758491,9268.68525814659,-11.4445247722157,0.706717748419807,-0.0866037964357782,"cleaf","7y"
270,-0.0683212279391017,0.0201761753920688,0.267454170906594,2.46200644469752,-151.412653175806,-14.6367392707191,0.764161950360472,-0.0671749846600636,"cleaf","7y"
271,-0.0616582466702105,0.0201713569448391,0.268198236701387,2.46428233304995,-143.853468098394,-16.2184306885771,0.78257222898251,-0.0612454006277377,"cleaf","7y"
272,-0.0696489511683178,0.019833703253441,0.249776651366317,2.49232977706337,37.8214569185949,-14.3577180018596,0.757812018676897,-0.0692522420980808,"cleaf","7y"
273,-0.0712051573379598,0.0198112624557387,0.243949114916445,2.50013160347837,34.2992358012998,-14.043926555119,0.752229831041583,-0.0710922671179166,"cleaf","7y"
274,-0.0795494451610567,0.0204032647075404,0.258916335129673,2.42153629671403,18.2043358672015,-12.5707979229194,0.740404097613645,-0.0750341786105695,"cleaf","7y"
275,-0.0739288879683076,0.0203453092696147,0.228307845663901,2.43461715084348,14.8628635925837,-13.5265121318839,0.743806282442304,-0.0738939406652728,"cleaf","7y"
276,-0.0745783708860547,0.0204018646265089,0.235966505979482,2.41613667911119,16.050606387553,-13.4087133859207,0.743531919873309,-0.0739857066689321,"cleaf","7y"
277,-0.0683573190326812,0.0204698952590049,0.270378113665033,2.40226990076082,20.8212623917852,-14.6290114087404,0.762086308408749,-0.0678521513862318,"cleaf","7y"
278,-0.0553210599729922,0.0206374353675408,0.313528086887618,2.38414915092427,46.2014377865774,-18.0762986191552,0.805081278870501,-0.0541767041734127,"cleaf","7y"
279,-0.0146119803443332,0.0214068806719519,0.219982248465273,2.43065893146096,-88.6298740940968,-68.4369932367052,0.947094246953111,-0.0135956020588701,"cleaf","7y"
280,-0.00900235579316504,0.021285297871206,0.247431870369092,2.48803020138228,-44.3514136313903,-111.082034855725,0.964657606008002,-0.00900012849897709,"cleaf","7y"
281,0.0101234880286341,0.0212227085182076,0.231955783357844,2.50786691914659,-64.746766068953,98.7801829934033,1.04128551656646,0.010119335776231,"cleaf","7y"
282,0.0178504674509018,0.02057258810171,0.220282231741813,2.58922384973467,-20.7864038678332,56.0209419025316,1.07396691111317,0.0178480690993929,"cleaf","7y"
283,0.0186694623608078,0.0205923885329894,0.192424277100713,2.57188129115061,-25.8932450846688,53.5634064159913,1.07729203541608,0.0186211018462444,"cleaf","7y"
284,0.0350924325791703,0.0208328591856727,0.178819972895526,2.48903157366606,-40.0448329162949,28.496172151758,1.14660871791431,0.0342089616751215,"cleaf","7y"
285,0.0820411908328616,0.0206376613442922,0.133242140567936,2.51829560779067,171.848739606528,12.1889990850724,1.38542800386667,0.0813749327451494,"cleaf","7y"
286,0.106403081176958,0.0202658965930536,0.156850223501277,2.62916465314312,-54.1039052079432,9.39822408278678,1.53250681501011,0.106395208806685,"cleaf","7y"
287,0.11039552733877,0.0202173799688546,0.156331800409709,2.6450746500224,-63.0786553676062,9.05833799707577,1.55094196512018,0.109352332455634,"cleaf","7y"
288,0.113177719636548,0.0202395283801181,0.177636204505209,2.63897194035969,-42.7583091421477,8.83566132284113,1.57345195265623,0.112913253559975,"cleaf","7y"
289,0.113958755563671,0.0202197151964298,0.218808245136535,2.66011478600511,-26.2014256320223,8.77510459862188,1.57812617266267,0.113645940717915,"cleaf","7y"
290,0.112884947399271,0.0202185281633039,0.23989965771059,2.66729399030427,-22.0875829222706,8.85857701171643,1.5727045393405,0.112795882949958,"cleaf","7y"
291,0.104292331162102,0.0203650008223662,0.286578760027911,2.64512422115349,-13.9786972032277,9.58843271463267,1.50681565933853,0.102211140823134,"cleaf","7y"
292,0.126311196850281,0.0201029418892164,0.335381708697466,2.76501794686716,-10.2677130808126,7.91695451342544,1.66001837865236,0.126122715607426,"cleaf","7y"
293,0.144822117442191,0.0200207596822383,0.317050954623482,2.7933617121777,-11.3246018450982,6.90502264199508,1.79113529770475,0.144796336394788,"cleaf","7y"
294,0.157328824872755,0.0200017105358844,0.315511577181925,2.7960543445978,-11.2345246329368,6.35611434083223,1.84583710257182,0.152158662298591,"cleaf","7y"
295,0.149145513414373,0.0199784052724016,0.305277622146873,2.803520005342,-11.7627980081645,6.70486142765612,1.82289657909459,0.149099988630054,"cleaf","7y"
296,0.146505960662764,0.0200667803307589,0.271456921651303,2.74571044599544,-13.8016034934051,6.82566085008554,1.79431752360009,0.145231201952338,"cleaf","7y"
297,0.146375124535871,0.0199489038337356,0.232158819082052,2.77942725246961,-18.5559778144804,6.8317619074335,1.80097963056335,0.14613893841678,"cleaf","7y"
298,0.147753644181907,0.0201432205254936,0.183896772334092,2.68481363749737,-32.3431087747858,6.76802257932028,1.79055538054548,0.144716998915488,"cleaf","7y"
299,0.143644311329501,0.0200570482583975,0.141140301475623,2.71157371202183,-77.9669409684078,6.96164011470065,1.78051003680589,0.143338327777749,"cleaf","7y"
300,0.128193605298652,0.0199930963907087,0.099224709579635,2.73365683787657,261.707016713275,7.80070111664546,1.67226176524486,0.127931824986088,"cleaf","7y"
301,0.108320180657484,0.0196963728909368,0.0687824523179884,2.78125785847304,24.403573139371,9.23189006822352,1.53737818238309,0.107180235881225,"cleaf","7y"
302,0.098663426660862,0.0194941042507954,0.03420187112558,2.86289705219854,16.1406441724505,10.1354679625848,1.48507263909573,0.0986110962655179,"cleaf","7y"
303,0.0994211408012259,0.0196524106792481,0.0320946101004628,2.80792461823267,18.6643852477283,10.0582229487722,1.47567494657148,0.097037951740122,"cleaf","7y"
304,0.0891259035002925,0.0196374968457214,0.0427257595466123,2.8168408487491,20.0185471276955,11.220082610402,1.42929370906783,0.0891170737500384,"cleaf","7y"
305,0.0756132207868697,0.0196180866456427,0.0902222693535681,2.83138095582177,92.442648545999,13.225200429151,1.34354755285299,0.073741513779548,"cleaf","7y"
306,0.0777179878515812,0.0195525402358202,0.110791892892495,2.86949867654708,358.028780661453,12.8670341016768,1.36507220435143,0.0776951153987448,"cleaf","7y"
307,0.0868069931462906,0.0195429355545145,0.109148094196284,2.87413882846321,272.809033216236,11.519809219918,1.41400648160291,0.0864473897740908,"cleaf","7y"
308,0.0811192601694886,0.0195984192650551,0.111394890382736,2.85710247363112,166.942935611482,12.3275286030793,1.37315354859184,0.0791628001691123,"cleaf","7y"
309,0.0953388491587936,0.0197599264533137,0.0711967881131203,2.77743297521678,40.7875326939983,10.4889036192836,1.4562801488431,0.0937578796831753,"cleaf","7y"
310,0.0688933291926336,0.0196104131257539,0.0219180887596804,2.8109678339835,16.7441633723706,14.5151934406289,1.31264987690006,0.0679500863379481,"cleaf","7y"
311,0.0543215672164714,0.0192522005991484,0.0411934516121521,2.78386128721265,8.97428048029881,18.408894500687,1.23568311279338,0.052888988878968,"cleaf","7y"
312,0.0903621815938177,0.0191033033418309,0.0105010844957586,2.83932075490706,7.1438031344523,11.0665765518483,1.43319893594405,0.0897942855722644,"cleaf","7y"
313,0.105072036534141,0.0188901954427303,0.00794106809973665,2.93300544667596,7.94190822698243,9.51728007741685,1.52398306433516,0.105015257431533,"cleaf","7y"
314,0.100083476644901,0.0188861817542318,0.00727974751557984,2.93517669518447,7.9183255439269,9.99165929804808,1.49079589533625,0.0995640462279098,"cleaf","7y"
315,0.123482930863264,0.0189502675962242,0.0175315412143437,2.9013897333052,8.31042753590738,8.09828526913837,1.6347406923238,0.122342383733967,"cleaf","7y"
316,0.136443966008607,0.0180121092080574,0.166220456175332,2.53829373044414,14.3704654336208,7.32901592685247,1.71726825647496,0.134463035435989,"cleaf","7y"
317,0.137104191331578,0.0180411814357869,0.128985727131982,2.51556803341592,17.7576212412947,7.29372304586636,1.73127968144455,0.13645915612845,"cleaf","7y"
318,0.138985244238019,0.0178405462081142,0.106420057484706,2.58717475161327,25.6759941610144,7.19500840166493,1.74918248829415,0.138984710907765,"cleaf","7y"
319,0.138748862290733,0.0178578551266716,0.120174680059546,2.57964803498003,22.8300068759346,7.20726630467507,1.74560299446608,0.138481965443736,"cleaf","7y"
320,0.129510050344543,0.0177950544317114,0.111841330619459,2.6073752516012,25.9858896568852,7.72140847246715,1.68031062433565,0.129113487851692,"cleaf","7y"
321,0.167423050598655,0.0180304190903938,0.0823503438955916,2.57774080028141,21.0493378777369,5.97289319734827,1.91026131398712,0.160534387119451,"cleaf","7y"
322,0.140015827631585,0.0176967201247318,0.105190419965388,2.68710929294473,13.4176576982676,7.14204970191828,1.75617813080237,0.139964093374669,"cleaf","7y"
323,0.152341516201777,0.0180265465027404,0.158404157970243,2.69757109309,16.062640720931,6.56419881416628,1.77965093257333,0.143220033725539,"cleaf","7y"
324,0.22307672564469,0.0184469319414038,0.139844692139322,2.61991454420665,43.1969810588242,4.48276258811855,2.36055477330756,0.211662577590878,"cleaf","7y"
325,0.295239889151091,0.0182072445412274,0.105221665160399,2.62136214641206,31.6765252990314,3.38707619378709,3.25928373573735,0.287361262113127,"cleaf","7y"
326,0.257959217512643,0.0182601469724486,0.100383359027601,2.61018936171387,29.6062162943097,3.87658176994969,2.79027792415672,0.251282725529917,"cleaf","7y"
327,0.207132454700035,0.0188182982543917,0.111727602872589,2.55787049696904,-240.790459153052,4.82782865412462,2.19816817977685,0.194558662136757,"cleaf","7y"
328,0.212827249945021,0.0188827185735661,0.0664833671065959,2.52227897041408,-46.5264787152594,4.69864643864133,2.3532429173419,0.210920661029348,"cleaf","7y"
329,0.206984004711959,0.0187730775587479,0.0582157317549049,2.56468163028298,-34.14901508649,4.83129119755708,2.30752582199163,0.206223402290365,"cleaf","7y"
330,0.196789233492009,0.019004903408637,0.0267398080938346,2.47893953882403,-20.2808115571853,5.08157881534005,2.17549311859127,0.192060277925996,"cleaf","7y"
331,0.20303850675393,0.0190232337190216,0.0169300839449103,2.46943379132302,-18.9531843927162,4.92517412577278,2.27275423176796,0.202581550569126,"cleaf","7y"
332,0.218902726953364,0.0189040735369415,0.0309553921332986,2.4800088444025,-17.3905533882389,4.56823911660563,2.38045795778145,0.21366931325643,"cleaf","7y"
333,0.225952151005408,0.0189554434830335,0.0853889842065413,2.46597054552374,-29.6393008629888,4.42571577898395,2.47752829246275,0.223197313425846,"cleaf","7y"
334,0.21503658713398,0.01889916138282,0.118927317740832,2.49774117767728,-46.2981785278462,4.65037142436111,2.39319543667737,0.214943857900769,"cleaf","7y"
335,0.24595452689008,0.0193617698273336,0.190888759000243,2.54458204484508,-28.4895480474526,4.0657922122609,2.54217837087013,0.229316035156028,"cleaf","7y"
336,0.295766394351024,0.0190994745483775,0.170363352448237,2.5376302099455,-12.9436261312163,3.38104672842977,3.30732386332812,0.290719689613599,"cleaf","7y"
337,0.308388415216261,0.019410622570007,0.181473547801757,2.47113688665213,-11.1830881056626,3.24266396096215,3.38950962587601,0.296337765715919,"cleaf","7y"
338,0.304384599724928,0.0192735252653683,0.229827948206163,2.54190648239319,-14.3380802024336,3.28531732848409,3.50351029113513,0.303877190096151,"cleaf","7y"
339,0.296273388453277,0.0192003572191348,0.19206938283248,2.56208429911898,-11.6612416527105,3.37526095482485,3.38310178652163,0.295905373434583,"cleaf","7y"
340,0.302059981359186,0.0191287960830413,0.154772507041738,2.58487300739012,-9.8638572733832,3.31060074724324,3.4705674084639,0.301727800027164,"cleaf","7y"
341,0.296448174302233,0.0205562673111677,0.149794012511582,3.17017171231862,-21.2830318049829,3.37327090090454,2.86078836245331,0.257127620050631,"cleaf","7y"
342,0.296450383889833,0.019978180510043,0.0919454092723708,3.26959741026694,-14.5159212549644,3.37324575829061,3.3573677214384,0.294159369958918,"cleaf","7y"
343,0.293108940555371,0.019987456772695,0.122827292222388,3.26844745466947,-12.5577784992765,3.41170077618663,3.33162191779945,0.292397161459833,"cleaf","7y"
344,0.289022857425486,0.0199338090924286,0.103950270936737,3.29820225765507,-13.8538162479004,3.45993396130552,3.28245473689001,0.288988132063418,"cleaf","7y"
345,0.279410909944069,0.0199080914638718,0.0621349155531807,3.30857849689419,-17.6180391608073,3.57895831698259,3.1378267179308,0.278612023604734,"cleaf","7y"
346,0.255128925289933,0.020263625470278,0.0524895101636135,3.24684709155288,-91.777161404164,3.91958692595747,2.6777095723174,0.241598662910815,"cleaf","7y"
347,0.273180226801591,0.0194556338925699,0.144008328355451,3.30605633470198,36.4167212598701,3.66058704800144,3.06231745277729,0.272976017810811,"cleaf","7y"
348,0.272852017879103,0.0194571373965917,0.153991820845201,3.30703845300324,41.4473351315776,3.66499030416952,3.05970772393788,0.272778413802243,"cleaf","7y"
349,0.274728162397221,0.0196424872072842,0.168335343572169,3.21843802614574,97.6754629375186,3.63996173990394,3.01607270635342,0.269445836644048,"cleaf","7y"
350,0.282250254839134,0.0197094899545452,0.185463595363078,3.18395900533441,432.389289233768,3.54295517136004,3.16024330279504,0.280255553442676,"cleaf","7y"
351,0.280383046331391,0.0197692881449901,0.227461198035273,3.16407794282,-68.3767657995114,3.56654945113222,3.13051686680822,0.278073192167581,"cleaf","7y"
352,0.285652149106542,0.0198328374921261,0.261597426940528,3.19277497026806,-17.4937694971997,3.50076133901944,3.1032609477557,0.276051385770953,"cleaf","7y"
353,0.305577477826974,0.0199268138790089,0.314078946163459,3.18637962872033,-11.5895513175377,3.2724924857395,3.43869738062656,0.299625977518219,"cleaf","7y"
354,0.281717506015595,0.0200827733466146,0.277271211640497,3.08699917625757,-14.1905002038587,3.54965516393804,3.12172178563905,0.277422979747349,"cleaf","7y"
355,0.297121258779489,0.0203001449497414,0.222016897932376,2.98082064340582,-26.4258630664306,3.36562925220426,3.27500642439818,0.288466609956638,"cleaf","7y"
356,0.280414890080622,0.0202917436101307,0.21909089604819,2.98449571184062,-27.2799017561152,3.56614443588388,3.15727861792722,0.280038952691116,"cleaf","7y"
357,0.275210247180168,0.0203715622172642,0.17011087855325,2.93049069844731,-56.6105694404569,3.63358563224335,3.05393301603087,0.272340482490528,"cleaf","7y"
358,0.296472786778013,0.021190346146227,0.218695863073551,2.87652145237556,49.338237883473,3.37299085986182,3.07678272393526,0.274067847157358,"cleaf","7y"
359,0.260460497476816,0.0209785884615828,0.21314615484521,2.95003386484362,30.1410771263879,3.83935379716847,2.89559505313194,0.259953345883663,"cleaf","7y"
360,0.261919121261196,0.0209878118740128,0.215090627604075,2.94604218155536,31.0335108098008,3.8179724916027,2.90825768840452,0.260971847239062,"cleaf","7y"
361,0.260580555713165,0.0210519027682484,0.177926349581568,2.90300173903212,22.0179904089904,3.83758487759445,2.88171893555037,0.258831451466774,"cleaf","7y"
362,0.268805299943559,0.0207912784771557,0.215718483044079,3.02424014779045,40.1807849575354,3.72016474455664,3.0070464697814,0.26874964421762,"cleaf","7y"
363,0.272713241966361,0.0208901273662351,0.230447640828073,2.98232523076813,62.2424026675714,3.66685531215734,3.02245016193353,0.269936306992077,"cleaf","7y"
364,0.263184655650405,0.0208615117155984,0.236213847325636,2.99912087506658,72.9314323129728,3.79961361170054,2.92415887968637,0.262243768284072,"cleaf","7y"
365,0.269230865726547,0.0211716854345902,0.216823833661822,2.8725491190239,32.4147992505364,3.71428438303833,2.91201255679838,0.261272902685966,"cleaf","7y"
366,0.233150839123923,0.0212308532017548,0.270512968395886,2.88881925264704,-323.26950503602,4.28906884383327,2.52824375677388,0.22801195562514,"cleaf","7y"
367,0.183312200952643,0.0220863747394214,0.333939865952978,2.84139187426131,38.7136996567616,5.45517425901368,1.98016864299536,0.169284806547975,"cleaf","7y"
368,0.21554529385269,0.0224156535577598,0.313471798284762,2.72002150973007,23.7704145811303,4.63939612007223,2.33488577690319,0.209046732789032,"cleaf","7y"
369,0.249726964386659,0.0229278539754452,0.334263423917512,2.64108747278356,17.2155699613575,4.00437334613042,2.62547055057171,0.236948473290936,"cleaf","7y"
370,0.25781429071423,0.0229985441085018,0.312924510454309,2.60191258765617,15.2951472351133,3.87876093768763,2.84901940612073,0.256163396576736,"cleaf","7y"
371,0.266745334979124,0.0228330449094107,0.269159123223149,2.62643982223404,11.0835573321581,3.74889405311723,2.9673484970966,0.26565939626268,"cleaf","7y"
372,0.249099707005295,0.0236412994155885,0.191536764877873,2.62029082700963,18.06011272575,4.01445674915524,2.5776786327629,0.232602693671463,"cleaf","7y"
373,0.266567803201917,0.0235615463721528,0.193805908195813,2.63920727161017,16.9857144896549,3.75139078308918,2.93830124757512,0.263368455004703,"cleaf","7y"
374,0.279224812477296,0.0237879167909666,0.219395589692856,2.57919781732761,24.5624150442832,3.58134361745273,3.0758664145095,0.273998857764887,"cleaf","7y"
375,0.294527961832993,0.0238477512387842,0.225365618736443,2.56097786204082,27.3708473487619,3.39526336914331,3.32737880043515,0.292105239005818,"cleaf","7y"
376,0.293683631921741,0.0238257623901954,0.284813229650796,2.59691312470105,138.396740851191,3.4050246295867,3.29281083592242,0.289711010545237,"cleaf","7y"
377,0.284271062560348,0.0236882289914715,0.32678914743337,2.66744796859991,-117.162008678145,3.51776924106621,3.2141439448356,0.28415366600688,"cleaf","7y"
378,0.271398287924329,0.0235646134910795,0.352528522195265,2.72922277463062,-54.1467961285872,3.68462162251671,3.03957698619853,0.27124769341549,"cleaf","7y"
379,0.266644164036571,0.0233685673701393,0.366024083535454,2.80478365710355,-35.8420970064429,3.750316469941,2.96260369671533,0.26528691393191,"cleaf","7y"
380,0.272147635455797,0.023430603641829,0.359386340614691,2.77706133682564,-40.8212478993031,3.67447616557529,3.00900219952358,0.26890069015579,"cleaf","7y"
381,0.284817067284025,0.0236128871181137,0.333903411630864,2.69486305480305,-77.832163432285,3.5110255489106,3.15913062630476,0.280174288101424,"cleaf","7y"
382,0.271574942506999,0.023619419891083,0.335464468650385,2.69300961853775,-73.7537357586886,3.68222484286903,3.03513466836365,0.270908355165661,"cleaf","7y"
383,0.267946231453989,0.0235800611685451,0.325844813283432,2.70406463790442,-108.81711016668,3.73209204911589,2.99399644745916,0.267738900808198,"cleaf","7y"
384,0.270956735942603,0.0238879036660265,0.304900499929635,2.65032345989315,-48.0662236233484,3.69062609394524,2.92409175498126,0.262238415476236,"cleaf","7y"
385,0.27079434981576,0.0238867046673425,0.304580595555866,2.65065920140271,-48.3868608256083,3.69283923641823,3.02712736503096,0.270295271137557,"cleaf","7y"
386,0.271830765237402,0.0239079629629981,0.32158049180221,2.6491796303695,-37.3637326552245,3.67875946317797,3.04077674668051,0.271339243846989,"cleaf","7y"
387,0.277758510660684,0.0243371609497459,0.329547967418939,2.59402635653042,-18.4253041455066,3.60024971915846,2.99428656552154,0.26776142507224,"cleaf","7y"
388,0.303434623987799,0.0249437489289786,0.309056097234402,2.56610251333166,-11.5967476415841,3.29560281176156,3.27310093825594,0.288332972300993,"cleaf","7y"
389,0.303277182262568,0.0246478344016471,0.362980895438473,2.67840067578648,-8.79096660332216,3.2973136737146,3.4809647789162,0.302408711000754,"cleaf","7y"
390,0.305852807088236,0.0246572103124851,0.359392853582459,2.67278312652411,-8.88595570774809,3.26954658196584,3.52497893271394,0.305265459648733,"cleaf","7y"
391,0.2853425170795,0.0243740331366013,0.366227723001095,2.73334104508612,-9.91551472643077,3.50456009933279,3.21865555085792,0.284476562251332,"cleaf","7y"
392,0.268469505306351,0.0241615385334399,0.324161981817547,2.74829037183249,-13.9319604073426,3.72481782934304,2.9772071269317,0.266431180686855,"cleaf","7y"
393,0.297590484780057,0.0242506449687312,0.26363917127529,2.68840575299647,-24.4688068974431,3.36032249397718,3.3225436748183,0.291772067139367,"cleaf","7y"
394,0.38398071719046,0.0263975209972735,0.668390353191811,3.796106681914,-500.493109344415,2.60429744315516,3.75461635321267,0.319531703945862,"cleaf","7y"
395,0.348459186719407,0.0260514681263542,0.652889503136003,3.84931274579231,34.8634725243231,2.86977654231065,4.23957954832548,0.346588922269586,"cleaf","7y"
396,0.36532108563487,0.0264577581181069,0.588367611538906,3.62677442788872,16.6355721152666,2.73731804519895,4.35328322537608,0.352410981149703,"cleaf","7y"
397,0.385805906244157,0.026757591496925,0.554423115296488,3.47086721714834,13.5177500900781,2.59197690811698,4.87309409416581,0.376920436053966,"cleaf","7y"
398,0.387986002706708,0.0266218263679162,0.509554619579901,3.4754298506385,10.1611519572022,2.5774125690713,5.08229574529268,0.385924635553292,"cleaf","7y"
399,0.387507547197947,0.0266297007017383,0.510732246903457,3.47292294589411,10.2336762120198,2.58059489997282,5.09107917113399,0.386292996385223,"cleaf","7y"
400,0.391939441254682,0.0268357214305453,0.551323288777469,3.46525227126241,14.9341940511214,2.55141456751274,5.006319348288,0.382706358115983,"cleaf","7y"
401,0.412615945296162,0.0272334153588306,0.564208636265099,3.40892887308296,27.9604916440619,2.42356121085489,5.40637951427028,0.399035603785413,"cleaf","7y"
402,0.419102635006682,0.0273672755951349,0.587072712785078,3.37928490637616,44.3053274026454,2.38605037638109,5.83631936029863,0.415044957395995,"cleaf","7y"
403,0.413595515772123,0.0268793720459476,0.620535850473767,3.48615249727932,23.6579874229651,2.41782118486741,5.78134461809695,0.413078311392145,"cleaf","7y"
404,0.399197100285206,0.026749880096714,0.586590919472291,3.50255031610696,16.6492698205461,2.50502821610064,5.39514152953076,0.39859683826777,"cleaf","7y"
405,0.412867337081774,0.0264266301705716,0.569302836015269,3.57230267853393,11.731209445438,2.42208552284177,5.75768331876906,0.412224916663482,"cleaf","7y"
406,0.413868618951932,0.0264329244905143,0.564512914020661,3.565526275852,11.5324456127322,2.4162257156205,5.79594787618616,0.413602912978294,"cleaf","7y"
407,0.409060853595342,0.0266482107136852,0.564675412471051,3.49795420101043,13.3251570889068,2.44462404850218,5.47789978259076,0.401802620196012,"cleaf","7y"
408,0.439598653206717,0.0271469039282128,0.52892474949314,3.38587189443194,18.1778035253849,2.27480223768966,6.06784525844996,0.423088953594552,"cleaf","7y"
409,0.483435247507446,0.0267933779197697,0.48012687497978,3.4716464308854,-316.223480188478,2.0685293535296,7.33328564750993,0.461313055254039,"cleaf","7y"
410,0.470977415393097,0.0267527372606071,0.511338491857635,3.51238793581254,-74.6573749325572,2.12324406079081,7.6923458596,0.470706937992166,"cleaf","7y"
411,0.47139728444017,0.026732366073837,0.503835397167281,3.51660983331021,-96.717838349314,2.1213529076384,7.71394419498055,0.47125472696996,"cleaf","7y"
412,0.472863875726809,0.0267810385067243,0.516814238803819,3.50408615497035,-61.8559102374794,2.11477351375798,7.70729210848272,0.471086214667847,"cleaf","7y"
413,0.4684032232162,0.0268025695651039,0.547204782797107,3.51700726347572,-36.7423898358664,2.13491272142342,7.54953801538452,0.467036645283249,"cleaf","7y"
414,0.478298714802791,0.0263817356366913,0.600168261238235,3.73220565598032,-19.188101530904,2.09074364837529,7.98973689161906,0.478087477211797,"cleaf","7y"
415,0.478942858550722,0.0263741494193527,0.617276003797003,3.75012493370177,-17.3309313931932,2.0879317483217,8.01965829437067,0.478811238081215,"cleaf","7y"
416,0.47661232105173,0.0265102198295752,0.578411012290562,3.65068580167744,-22.3331234747701,2.09814131072676,7.73551874521469,0.471800028897714,"cleaf","7y"
417,0.478028653034679,0.026457822102389,0.530090638560999,3.6290455319144,-41.5219642639901,2.09192481172766,7.88150782793665,0.475441320685682,"cleaf","7y"
418,0.476196023452636,0.0264338035165225,0.496513362984149,3.61592432709244,-85.3259891386562,2.09997553685885,7.87828164602842,0.475361754148006,"cleaf","7y"
419,0.463621389393486,0.0265159470331444,0.498412893849709,3.58643670529385,-62.3346563531775,2.1569324083779,7.23630153136921,0.45867842294797,"cleaf","7y"
420,0.447148437214166,0.0262693124040983,0.470033306563509,3.65112675594484,171.282924275656,2.23639381640294,6.80725201893697,0.446481192145533,"cleaf","7y"
421,0.462351901496631,0.0260944555909262,0.452326688675196,3.71283997945616,52.4420192964633,2.16285473632314,7.37102841311545,0.462326825572776,"cleaf","7y"
422,0.454389078470503,0.026015148401428,0.46947683567749,3.76565538232047,75.7003095790848,2.200757120673,7.05858620236916,0.453736455517558,"cleaf","7y"
423,0.468195379042454,0.0258570723580503,0.485719694781041,3.8556219660745,173.949835727168,2.13586046501609,7.5133637013585,0.466093352559658,"cleaf","7y"
424,0.483235977592335,0.0264066041953068,0.442751184061621,3.61407061162003,28.9891677368597,2.06938234396863,7.40080815002735,0.463122220515766,"cleaf","7y"
425,0.460093258367039,0.0263714236498681,0.45022723138194,3.63657363452292,31.2799999077913,2.17347240328884,7.2426437411637,0.458852033484376,"cleaf","7y"
426,0.493582295624338,0.0257820481382307,0.449123265758818,3.84308578387944,73.3792708211503,2.02600459713631,8.55889270706487,0.491308665808648,"cleaf","7y"
427,0.498895578344481,0.0259849150588751,0.397499496111909,3.71011048071138,29.9764117566736,2.00442746620118,8.53041603447613,0.490673364538724,"cleaf","7y"
428,0.521726983996406,0.0264985158964948,0.353993309445797,3.49946406354139,15.8409422404624,1.91671128899649,8.99708935673119,0.500765263539271,"cleaf","7y"
429,0.522837690893412,0.0265675334025863,0.344256211972787,3.46212097629898,14.932737378673,1.9126394623372,9.87982300455882,0.518179145709828,"cleaf","7y"
430,0.500926677444061,0.0269359175617955,0.346702617616902,3.35226146403256,20.8271283989122,1.99630014736372,8.38453188179638,0.487376950163322,"cleaf","7y"
431,0.50014471672952,0.0268607854571405,0.336864523847538,3.37898117100977,18.5897490330305,1.99942130057689,8.93561396486649,0.499473555298286,"cleaf","7y"
432,0.494791280563371,0.0268376798826705,0.352170434657106,3.39733530490449,20.4614402762708,2.02105420867845,8.7171061701227,0.494791133494727,"cleaf","7y"
433,0.520379334113368,0.0266610201162587,0.411237054375896,3.50570353545843,40.8353604275087,1.9216750828582,9.86596623551248,0.517921033637627,"cleaf","7y"
434,0.549573946788724,0.0265175535777551,0.366409981001645,3.53151444567733,21.0531901013816,1.81959135043284,11.6105370120745,0.547245747684955,"cleaf","7y"
435,0.541520434514538,0.0258138738375645,0.376344253993099,3.7681997419175,47.6169949100808,1.8466523814498,11.2398278036909,0.541501406305095,"cleaf","7y"
436,0.522375188157642,0.0255454792405089,0.396070207312783,3.90961575680871,110.462494059221,1.91433288308904,10.0226650014539,0.52081367475088,"cleaf","7y"
437,0.532774545158008,0.025106291606783,0.387806080850226,4.07991059544433,-228.485157038559,1.87696655008813,10.3896050637254,0.527370473300724,"cleaf","7y"
438,0.529571763831467,0.0250464452925882,0.400739662289312,4.12361336552442,-111.168386990775,1.88831820028502,10.4581928189712,0.528563744220819,"cleaf","7y"
439,0.546994518232501,0.0249886527139975,0.432368524036528,4.17789407500536,-51.312491793519,1.8281718859474,11.5845157070845,0.546850165528585,"cleaf","7y"
440,0.554149176263048,0.0242838796765067,0.491729426300323,4.38438296063396,86.4242041290444,1.80456823331144,12.065272630415,0.553982158722542,"cleaf","7y"
441,0.546247536262028,0.0241593432160348,0.467524934660216,4.44206050026761,39.9969241823346,1.83067187239507,11.5426146175224,0.546210799974401,"cleaf","7y"
442,0.542172139520144,0.0246061142498969,0.396199817470291,4.31886728526529,80.0017132065362,1.8444326572831,9.64400578982324,0.513723511297395,"cleaf","7y"
443,0.55711198853163,0.0250711224681104,0.349253150251444,4.15532799174576,-342.858548444616,1.794971245612,10.7213444878048,0.533052081450883,"cleaf","7y"
444,0.58408958729629,0.0255376833999014,0.294766164751508,4.02179011384501,-61.3854609943663,1.71206613120588,12.2427497417784,0.556524266088904,"cleaf","7y"
445,0.574242422641794,0.0256128868910975,0.31042395088134,3.98628257679148,-42.3590208386601,1.74142480696483,13.29931575446,0.570743330589585,"cleaf","7y"
446,0.575488395563488,0.0256823595024472,0.340397975124071,3.96146103883178,-28.0836926939106,1.73765449956789,13.4089346177296,0.572135591944147,"cleaf","7y"
447,0.563566926484437,0.0256672804407242,0.343580890437868,3.97175682391321,-27.1894092469293,1.77441214699744,12.6181099216363,0.561749380105616,"cleaf","7y"
448,0.559006680710449,0.025592102867971,0.35305143771231,4.01855403693616,-24.3483843236056,1.78888738633514,12.2380601266689,0.556457698663616,"cleaf","7y"
449,0.579513550522952,0.0256520768847355,0.351576765630996,3.9888199536438,-25.7657834778389,1.7255851896778,13.1135397523358,0.568349936259281,"cleaf","7y"
450,0.570780998762316,0.0256320995902193,0.331400871233124,3.99116697934017,-31.5741541346164,1.75198544129605,13.2904586329709,0.570630195702399,"cleaf","7y"
451,0.567779915679057,0.025659677771732,0.30427738145498,3.96294139683926,-44.2647739109112,1.7612458144174,12.9558976442542,0.566284728341202,"cleaf","7y"
452,0.573320788226462,0.025320393833584,0.309590366477312,4.10414998632022,-131.176027779384,1.74422421188223,13.4155557317838,0.572219219191823,"cleaf","7y"
453,0.57194704009557,0.0252997177353936,0.299990278242924,4.11291056167449,-249.720966624768,1.74841362905367,13.3871718192286,0.571860346292716,"cleaf","7y"
454,0.564479615780204,0.0252784724153401,0.280699001645528,4.11848844221811,351.195246200299,1.77154315593458,12.8126370333115,0.564379877884017,"cleaf","7y"
455,0.539411157873008,0.024836137606164,0.269165714171115,4.29015799656162,31.6943383542864,1.85387340510933,11.050205570004,0.538469512149189,"cleaf","7y"
456,0.552854017783039,0.0241094975457593,0.322675392208964,4.53724763494398,15.7357326758012,1.80879575409442,11.9848502677052,0.552814506136053,"cleaf","7y"
