timeindex,ar1,var,frequency,sd,sk,kurt,cv,returnrate,densratio,acf1
1,NA,croot,1y,,,,,,,
2,NA,croot,1y,,,,,,,
3,NA,croot,1y,,,,,,,
4,NA,croot,1y,,,,,,,
5,NA,croot,1y,,,,,,,
6,NA,croot,1y,,,,,,,
7,NA,croot,1y,,,,,,,
8,NA,croot,1y,,,,,,,
9,NA,croot,1y,,,,,,,
10,NA,croot,1y,,,,,,,
11,NA,croot,1y,,,,,,,
12,NA,croot,1y,,,,,,,
13,NA,croot,1y,,,,,,,
14,NA,croot,1y,,,,,,,
15,NA,croot,1y,,,,,,,
16,NA,croot,1y,,,,,,,
17,NA,croot,1y,,,,,,,
18,NA,croot,1y,,,,,,,
19,NA,croot,1y,,,,,,,
20,NA,croot,1y,,,,,,,
21,NA,croot,1y,,,,,,,
22,NA,croot,1y,,,,,,,
23,NA,croot,1y,,,,,,,
24,NA,croot,1y,,,,,,,
25,NA,croot,1y,,,,,,,
26,NA,croot,1y,,,,,,,
27,NA,croot,1y,,,,,,,
28,NA,croot,1y,,,,,,,
29,NA,croot,1y,,,,,,,
30,NA,croot,1y,,,,,,,
31,NA,croot,1y,,,,,,,
32,NA,croot,1y,,,,,,,
33,NA,croot,1y,,,,,,,
34,NA,croot,1y,,,,,,,
35,NA,croot,1y,,,,,,,
36,NA,croot,1y,,,,,,,
37,NA,croot,1y,,,,,,,
38,NA,croot,1y,,,,,,,
39,NA,croot,1y,,,,,,,
40,NA,croot,1y,,,,,,,
41,NA,croot,1y,,,,,,,
42,NA,croot,1y,,,,,,,
43,NA,croot,1y,,,,,,,
44,NA,croot,1y,,,,,,,
45,NA,croot,1y,,,,,,,
46,NA,croot,1y,,,,,,,
47,NA,croot,1y,,,,,,,
48,NA,croot,1y,,,,,,,
49,NA,croot,1y,,,,,,,
50,NA,croot,1y,,,,,,,
51,NA,croot,1y,,,,,,,
52,NA,croot,1y,,,,,,,
53,NA,croot,1y,,,,,,,
54,NA,croot,1y,,,,,,,
55,NA,croot,1y,,,,,,,
56,NA,croot,1y,,,,,,,
57,NA,croot,1y,,,,,,,
58,NA,croot,1y,,,,,,,
59,NA,croot,1y,,,,,,,
60,NA,croot,1y,,,,,,,
61,NA,croot,1y,,,,,,,
62,NA,croot,1y,,,,,,,
63,NA,croot,1y,,,,,,,
64,NA,croot,1y,,,,,,,
65,NA,croot,1y,,,,,,,
66,NA,croot,1y,,,,,,,
67,NA,croot,1y,,,,,,,
68,-0.276779076686671,croot,1y,0.0241926465769513,0.0376870614246273,2.72298668510517,-85.8733762694738,-3.61298986892733,0.323046027509382,-0.275294160897384
69,-0.266168464222981,croot,1y,0.0242055303468428,0.0422996874039434,2.71767953438853,-100.736202588028,-3.75701908533483,0.336782840113857,-0.265643228499602
70,-0.240174898514479,croot,1y,0.0238707949058214,0.0774401012356765,2.77287527833204,34.0476310388023,-4.16363244529368,0.380890731769784,-0.236813683603307
71,-0.203638200949816,croot,1y,0.0236894448596066,0.0773644402435128,2.8260863187382,46.3408127473314,-4.91066997908923,0.440432050955948,-0.202249305752828
72,-0.184384861696214,croot,1y,0.0232497203897246,0.0982457797901937,2.95486790103054,21.0529981963539,-5.42343872919224,0.474436869146276,-0.18434700111117
73,-0.183728464077916,croot,1y,0.0232716282518736,0.0395628389430971,2.9394120468192,59.833460081527,-5.44281478114311,0.481753740987348,-0.180647336411404
74,-0.16994381686675,croot,1y,0.0232657018458844,0.0417549401663402,2.94243490825878,57.1005041761109,-5.88429763693068,0.503943544625556,-0.169732231018637
75,-0.171625008044396,croot,1y,0.0230768489758157,0.0099982015447181,3.00125685088205,-82.2495040730244,-5.82665668246508,0.502828185636258,-0.170270299744277
76,-0.167433486075507,croot,1y,0.0230878573403062,0.0236986030594907,2.99591873957757,-59.5965815681658,-5.97252093018618,0.509078416383482,-0.167269051922018
77,-0.167574607280735,croot,1y,0.0230879881596955,0.0221270202697677,2.99580283826739,-61.5028443361165,-5.96749123406697,0.508442995269621,-0.167572624516099
78,-0.130101381024209,croot,1y,0.022596456928727,0.0642360091074877,3.08214995499947,51724.0672011072,-7.68631348973861,0.595258444617463,-0.129022360887562
79,-0.112331117346323,croot,1y,0.0221630105626698,0.091801386529597,3.21547335607328,-31.0697556684229,-8.90225276507261,0.63794746566197,-0.111953326340559
80,-0.133795944552378,croot,1y,0.0223954538384222,0.0418917630104526,3.12295260194702,-392.565884928142,-7.47406809186598,0.592246556178077,-0.130269613267909
81,-0.0757160825595081,croot,1y,0.0223662062441134,0.0157044541778595,3.13118866120323,33.6013664993901,-13.2072337368229,0.742032409198327,-0.0744878243305084
82,-0.0916184746088176,croot,1y,0.0216787359095551,0.0716127996424211,3.25099851300983,257.267348768292,-10.9148291790459,0.692887970898724,-0.09150724581316
83,-0.0695591884532051,croot,1y,0.0218430203472859,0.077670330997156,3.18020735603332,77.6449064381987,-14.3762459315168,0.760852403783297,-0.0682555505598928
84,-0.11405276161888,croot,1y,0.0219460928005449,0.103399535212821,3.22232018015584,92.3729740387063,-8.76787186742228,0.65778657449675,-0.104384103896761
85,-0.134061107149962,croot,1y,0.0220561202570462,0.126238485615295,3.17036375743813,46.2132044965428,-7.45928495787664,0.586343660793264,-0.132731344550522
86,-0.152316897441343,croot,1y,0.0224721248548947,0.10322379515974,3.02366530795626,-251.623722611626,-6.56525977615255,0.553704184649009,-0.146774699949204
87,-0.104289956797585,croot,1y,0.0230187959224344,0.103003559344631,2.8857955327258,-33.4124874637365,-9.58865101402702,0.67098631552208,-0.0994668660887709
88,-0.1319528731698,croot,1y,0.0230881602959843,0.0957234643637429,2.87607543939739,-36.0631429428506,-7.57846324962686,0.598496544634055,-0.127687998111613
89,-0.139044334228224,croot,1y,0.0231471302238682,0.087820630396564,2.84964825119059,-31.5847486230547,-7.19195072241221,0.574258594811034,-0.137844233457607
90,-0.146033350646575,croot,1y,0.0232075456629432,0.0884853347765492,2.82988174636526,-34.7751087197493,-6.84775084302604,0.560372759414912,-0.143844094156167
91,-0.136718720647257,croot,1y,0.0231955068990319,0.117546017785959,2.83965894185438,-53.2162254883577,-7.31428728462184,0.577283312763701,-0.136555210849743
92,-0.133645744526197,croot,1y,0.0234476231837127,0.11764931752839,2.7671316446883,-144.62569549469,-7.48246794946758,0.592155435472771,-0.130307439565072
93,-0.115889409855025,croot,1y,0.0235008466848269,0.128548877899014,2.74671914699694,-512.593269097324,-8.62891614730783,0.629529119635305,-0.11523257051304
94,-0.121918508591994,croot,1y,0.023569233923297,0.179808665615743,2.73519395375628,50.2375177799525,-8.20220007239874,0.616064439913145,-0.120564385738978
95,-0.0886859647582587,croot,1y,0.0231567941378222,0.208756123254305,2.8662627185318,22.2594835093581,-11.2757413501202,0.700857218981732,-0.0886704006187594
96,-0.0789937360156688,croot,1y,0.0227911536178565,0.215952044885761,2.96174150429737,35.5586193003807,-12.6592316104868,0.729064783409454,-0.0788712550087278
97,-0.0816890066868106,croot,1y,0.0230739775809896,0.207991154988638,2.86264404889115,65.8332087881801,-12.2415492678706,0.727564783085092,-0.0793831236521206
98,-0.0510782130763928,croot,1y,0.0232520521468499,0.153759877654982,2.78305775195784,-101.648818101249,-19.5778187953521,0.818367623982639,-0.0500939079222096
99,-0.0409223051531884,croot,1y,0.023203951932675,0.180963441927128,2.81132993984539,-2407.48201019166,-24.4365510754246,0.849019359269806,-0.040916220097744
100,-0.0591043198137143,croot,1y,0.0228626843719895,0.165811453834277,2.90581977166456,-45.265307841302,-16.9192370904836,0.789329829395788,-0.0591027480505604
101,-0.0642366697749052,croot,1y,0.0228702929080889,0.166072886818934,2.90309783390484,-46.1334042672933,-15.5674321770439,0.775217408216532,-0.0635978849025314
102,-0.0723593074959277,croot,1y,0.0229443695841578,0.122897438325821,2.86089915299252,-26.5451826776452,-13.8199221994528,0.750170262418262,-0.0717744777590925
103,-0.0907534723898073,croot,1y,0.023335511871082,0.136724493773199,2.76191157769903,-74.753634394592,-11.0188621290959,0.703412628965871,-0.0877672609166758
104,-0.0405882067258109,croot,1y,0.0234953507311664,0.178410669033166,2.75987702434366,39.5740774281078,-24.6376985008327,0.854572381283644,-0.0392882753220975
105,-0.0185374820028983,croot,1y,0.0234678908235771,0.177263600474109,2.76889197619262,42.0048445201404,-53.9447590478388,0.929098704240068,-0.0183927462198093
106,-0.0090162218010898,croot,1y,0.0236420624074442,0.219836699431684,2.72593080366707,21.8145444195157,-110.911202281994,0.965189517210177,-0.0088622546312133
107,-0.013933341460628,croot,1y,0.0236175017913359,0.235494603972258,2.74177703764446,19.5706631414136,-71.7702930647139,0.945816442481539,-0.0139332374822475
108,-0.0134066407110063,croot,1y,0.0235138039880795,0.251347589864784,2.78953896718721,17.1323432091265,-74.5899007481452,0.947920746272192,-0.0133774561466215
109,-0.0086816877963703,croot,1y,0.0236619438861639,0.215553527812812,2.71776226919477,22.8301830590983,-115.184975946507,0.966299914410771,-0.008574677986427
110,-0.0110055057630601,croot,1y,0.0236484869359881,0.165012003355888,2.7075706573073,41.8948590911026,-90.8636114985731,0.957211679598764,-0.0109381258321128
111,-0.0010450654577855,croot,1y,0.0234494673501674,0.144541318805229,2.77152498487593,101.428371313221,-956.877861142757,0.995831562316616,-0.0010448600893989
112,0.0287281774547163,croot,1y,0.0236109174247733,0.194572747276182,2.74109743786377,26.7664151941969,34.8090303179268,1.11911787888247,0.0281441322300379
113,0.0056102538284489,croot,1y,0.0225528394176448,0.367034208366601,2.41578616067902,-65.7349079401104,178.245054605036,1.02237388216747,0.0055348337808966
114,-0.0026090130382198,croot,1y,0.022567765865836,0.373453619170706,2.41338695819593,-78.9876631712373,-383.286700890664,0.989641795447882,-0.0026044740150786
115,0.0379759111640548,croot,1y,0.0222788466382294,0.360364074439482,2.46355688056268,-30.0176989790928,26.332482074756,1.16401904487885,0.0379739565425352
116,0.042332753357397,croot,1y,0.0216222119772614,0.370699967941473,2.52390729014573,137.527419971163,23.6223708757481,1.18319434003763,0.0420548269307241
117,0.0416858116685962,croot,1y,0.0216258312835597,0.359797038626976,2.51697334902249,270.416351387889,23.9889775434874,1.18136629817746,0.0416687033703406
118,0.0238442487011277,croot,1y,0.0224780162085251,0.470961845337688,2.67618847458671,-58.7391900057444,41.938834497759,1.09052149617093,0.0216730540484103
119,0.134596394753814,croot,1y,0.0233883099137414,0.602266732325851,2.92891625092999,-28.4564896487038,7.42961950674138,1.62379472307857,0.120686110993603
120,0.188364487840231,croot,1y,0.0237071178865484,0.542903489766699,2.77212110729616,-16.6598749638439,5.30885631079352,2.09624697837221,0.183099552300888
121,0.201384302739789,croot,1y,0.0229235627765456,0.500057542983057,2.81857710723702,-25.4699838672842,4.96563032170443,2.24612674268752,0.199750985784287
122,0.200878202655501,croot,1y,0.0229050092799703,0.515058354113504,2.83723868324582,-28.9365116193062,4.97814091713556,2.2566864925759,0.20087790399674
123,0.202460320747803,croot,1y,0.0229942366513348,0.475603103731684,2.77184546230532,-21.0235791052602,4.93923943371433,2.25639906218042,0.200847306717854
124,0.197780296874861,croot,1y,0.0231989257534731,0.512118070558021,2.76141862499129,-49.2374819598838,5.05611537550031,2.18739871506841,0.19337559884288
125,0.221614438690032,croot,1y,0.0231211284128311,0.516358498254101,2.77901227499604,-41.864616694484,4.51234137049474,2.43772452927431,0.219341262434298
126,0.216559070399837,croot,1y,0.0231262009695838,0.563994105780973,2.81665657029155,-177.942630888703,4.61767774563163,2.39678977889794,0.215302159840334
127,0.237602508663337,croot,1y,0.0229292516250374,0.630834335726568,2.94864777026262,40.3691610283305,4.20870977173442,2.61117576934693,0.235657947775254
128,0.271274248389046,croot,1y,0.0246469690120442,0.198267635906878,3.54219923180954,16.2795127814452,3.6863064074031,2.59874844431265,0.234529588728364
129,0.288151513798676,croot,1y,0.0248871944142154,0.21505941941932,3.4453814083938,13.1925025821629,3.47039648279854,3.1928570633192,0.282623156913645
130,0.278215825913303,croot,1y,0.0247669862988167,0.258197141845388,3.52062205420159,10.8179492476554,3.59433183470885,3.12892158029904,0.277955408452224
131,0.292096550277846,croot,1y,0.0246422272650697,0.311234636269635,3.60504085252724,8.78364305583116,3.42352553992434,3.31372748562948,0.291163143404285
132,0.282101307759839,croot,1y,0.0245864513109987,0.300290257905646,3.62935121064141,9.19275998052887,3.54482582140785,3.18223439819581,0.281855039357402
133,0.289060698890251,croot,1y,0.0242617409071161,0.274692584272403,3.74043418948782,11.8465584120187,3.45948101502264,3.27589588615014,0.288528960256292
134,0.291568419628718,croot,1y,0.0243242310829834,0.250389744327197,3.69512017730808,13.1877982813756,3.42972672168472,3.29828654174959,0.290092177155716
135,0.29660990944252,croot,1y,0.0243675646865399,0.237128344033966,3.66553725786765,14.0783465986654,3.37143152728615,3.37501555894382,0.295358383962143
136,0.295085393270007,croot,1y,0.0243205937804728,0.213207711059091,3.68461037704698,16.0981556748171,3.38884954256271,3.37043066945888,0.295047573337077
137,0.291303343436139,croot,1y,0.024305902890968,0.203835909607134,3.69060035261561,17.0046662980556,3.43284765703084,3.31548366730001,0.29128458851761
138,0.285326816978408,croot,1y,0.0242043733509018,0.154637061483604,3.72678636168544,26.9769539321364,3.50475293766613,3.21265992391285,0.284047341426463
139,0.291368521930402,croot,1y,0.0242535471973637,0.100548937482591,3.69005447466383,66.4676579413618,3.43207973659854,3.27405647857962,0.288399998417712
140,0.286331122232469,croot,1y,0.0242715184325055,0.108803878464789,3.6806100297027,55.4577231955468,3.49246003090125,3.23759328787256,0.285826328172547
141,0.283912528894769,croot,1y,0.0241083536310093,0.124191028017885,3.76903969925892,36.2461345458058,3.52221159063624,3.20166513767695,0.283257857052803
142,0.278322472512759,croot,1y,0.02411241558812,0.150938371433085,3.7716538208,27.2019396024689,3.59295457162252,3.12793128974612,0.277882258627723
143,0.268747071522513,croot,1y,0.0245097517813024,0.164110883485102,3.62933810598788,43.9427500556827,3.72097077871313,2.87246800904887,0.25808011608581
144,0.288528408848361,croot,1y,0.0247729375285553,0.144181504241515,3.50251589578773,117.04213871567,3.46586321947092,3.18684926655938,0.282189095721724
145,0.307276019364758,croot,1y,0.0251172843138644,0.115621818817448,3.35451574303735,-86.0427527048712,3.25440300244495,3.42974526033732,0.299031559974611
146,0.284570140367831,croot,1y,0.0250959431584239,0.163953317862426,3.3749260721039,149.471739864511,3.51407213247115,3.2008560008648,0.283199634624112
147,0.295652762182224,croot,1y,0.0250858070962828,0.199910576270627,3.38934201716181,51.7621925662593,3.38234621120724,3.36938501264274,0.2949766201861
148,0.288079947369995,croot,1y,0.0249070457937491,0.200994957820324,3.45495213157237,85.609144464351,3.47125861806567,3.24358885342906,0.286251778417071
149,0.289734661680521,croot,1y,0.0247560702117382,0.189053887580149,3.51978182932241,420.343692064577,3.45143378496654,3.28643882312787,0.289266538193118
150,0.288466568857213,croot,1y,0.0247960409320207,0.198529559650144,3.50144048092503,154.557183578086,3.46660621354354,3.25814667362899,0.287281087474538
151,0.319927236788362,croot,1y,0.0246477546712209,0.153457903556225,3.55600614135078,-66.455307608432,3.12571073985026,3.74535326396744,0.318975958327791
152,0.364611600548753,croot,1y,0.0238238660124276,0.125248970418935,3.74860776853102,48.5998556098646,2.74264449758309,4.59609177693019,0.364266526018191
153,0.384088067089411,croot,1y,0.0237233954425309,0.0940457311396092,3.80156577717051,130.905981093338,2.6035695604342,5.03697687204522,0.384011925932921
154,0.355520325801658,croot,1y,0.0233289346459583,0.124378151253923,3.99427717454108,29.7771005950369,2.81277870047265,4.41057694431069,0.355277403909009
155,0.41366080840778,croot,1y,0.022757914131531,0.132644590784209,4.24568266748699,15.3115233341412,2.41743955355378,5.78891982759046,0.413350639093051
156,0.440679461919754,croot,1y,0.022598957341655,0.0856817070342277,4.30538772279048,34.0021084754313,2.26922306667901,6.39191108276021,0.43374522929413
157,0.466533235344638,croot,1y,0.022657315885173,0.0840579676109158,4.26939213473296,37.5819747722773,2.14347001293762,7.25800829828748,0.459271848349602
158,0.472496722331304,croot,1y,0.0225715266531346,0.0298225049152035,4.31790807572034,454.706124452091,2.11641679769965,7.63915122099272,0.469349666694182
159,0.472126757249906,croot,1y,0.0226666672026954,0.0101434996324117,4.25131859539018,-73.4584699663614,2.11807525128401,7.57598464098811,0.467722763970529
160,0.459786799152192,croot,1y,0.0224194841475445,0.0094503735107858,4.39194586631121,-40.3252618328134,2.17492107612467,7.18066467242572,0.45714738781829
161,0.449771169403137,croot,1y,0.0223440226890091,0.037954133825993,4.44945182455666,-27.9442197545216,2.22335282478652,6.91902023381346,0.449747351811865
162,0.452714313932827,croot,1y,0.0222393353064129,0.0456352444010779,4.52272285900295,-23.8082992894975,2.20889856853163,6.94680398521289,0.450549272706838
163,0.441955248575419,croot,1y,0.0223580555621435,0.0825355400827282,4.44004760517434,-17.3586970980062,2.26267252900234,6.49753228081631,0.437077536583646
164,0.454315358595493,croot,1y,0.022384617723015,0.122658935050881,4.42633182543118,-13.8360355111444,2.2011142284326,7.00055229678473,0.452089536320774
165,0.433901085564587,croot,1y,0.0221721827583613,0.0757274021732727,4.53902377246371,-23.7775872658315,2.30467273134109,6.28989644456607,0.430462620156378
166,0.44181578563544,croot,1y,0.0219451103373909,0.0498611031475121,4.69593834239191,-39.7736066883627,2.26338676098174,6.65137639531198,0.44181519313956
167,0.441788274492075,croot,1y,0.0221025334214882,0.0251049200687408,4.57582474230665,-81.1870338148007,2.26352770713461,6.44725095797941,0.435499453129015
168,0.414117754126249,croot,1y,0.0224573425829868,0.0396568935130316,4.36300295185394,-30.4762139396186,2.4147721029491,5.46505706422878,0.401308952904459
169,0.415162963361765,croot,1y,0.0223364787549785,0.0685878452298364,4.45291387488066,-22.0429231244252,2.40869270202366,5.83958549055798,0.41516109583301
170,0.436788947206729,croot,1y,0.0222467238212666,0.0339072878176525,4.51730472025465,-31.6000067976739,2.28943522127795,6.48160972057176,0.436579416153917
171,0.418313634452163,croot,1y,0.0222089275274629,0.0294413397713516,4.53183773820778,-30.4986949133899,2.39055081556123,5.54014292518874,0.404175712286106
172,0.426976731347648,croot,1y,0.0220032775293954,0.0102184881801402,4.62719267927043,-25.1971123027483,2.34204800070426,5.92195126082002,0.41806426960414
173,0.424726026973991,croot,1y,0.0220522577292492,0.0090931444812128,4.59372225460775,-26.8751718251137,2.35445896057893,5.93309057375448,0.418453160522289
174,0.429846135427476,croot,1y,0.0218049974497313,0.0265897631781467,4.76925997176012,-18.8962692753304,2.32641384342217,6.26121150017873,0.429527955008526
175,0.430384640397574,croot,1y,0.0218067372930207,0.0244173468709444,4.76766754116297,-19.1604882558345,2.32350299275605,6.2840213854218,0.430271609619874
176,0.427568782730608,croot,1y,0.0218218734408149,0.006492272183982,4.75445337683674,-24.1503468935687,2.33880498387567,6.16707160949766,0.426423674738994
177,0.426875437645078,croot,1y,0.021757307008385,0.0608052129551477,4.80667104938101,-54.1044690840681,2.34260374763338,6.10141732824983,0.424224555190209
178,0.421348510181825,croot,1y,0.0217749402865853,0.0588562060725292,4.7924110973204,-50.958442744388,2.3733322317159,5.92039025843102,0.418009702056488
179,0.419333075713921,croot,1y,0.0217971037824635,0.0348833102286608,4.77178238981701,-35.9376282910746,2.38473914393107,5.93000469352538,0.41834551587023
180,0.455287677393774,croot,1y,0.0216452109890713,0.0171101181859743,4.86660033640876,-16.134974410465,2.1964134977787,6.90599501473988,0.449370049649841
181,0.467337656500289,croot,1y,0.0215313454595134,0.0062477529990855,4.95816937461052,-18.2472482921889,2.13978049080961,7.50811453869365,0.465956009686127
182,0.46937705862491,croot,1y,0.021520770724066,0.0367247289853427,4.96857503301281,-15.2932602448922,2.13048333237591,7.61436016143751,0.468713135618188
183,0.463583325302088,croot,1y,0.0217466847624836,0.0066500083852635,4.7928874071016,-21.3549296828093,2.15710951067613,7.07276805143426,0.454136397937709
184,0.464909811545523,croot,1y,0.0216830647962119,0.0182146688600058,4.84585272613673,-19.0885888110041,2.15095481998035,7.435679959092,0.464048638219075
185,0.465419016539643,croot,1y,0.0219092901327019,0.0147176527660658,4.67794178897231,-30.510899200418,2.14860150630485,7.13631641802001,0.455916546054592
186,0.387482175837913,croot,1y,0.0208338028346408,0.135801158321257,4.94199903514167,134.904374399689,2.58076387084785,5.11612912079705,0.387339401934173
187,0.360632026281426,croot,1y,0.0193672019333193,0.519886928221701,4.84915316133545,16.8627055494358,2.77290957852875,4.51504065887092,0.360392753185113
188,0.351614285766354,croot,1y,0.0189191376136197,0.548888605385452,5.0632006096711,10.421189235366,2.84402551455061,4.31053460320781,0.350243240177776
189,0.361383399484748,croot,1y,0.01892239696227,0.490178524088128,4.99539297304932,7.8711635563267,2.76714426126318,4.41437025775285,0.355465638261342
190,0.365340818471424,croot,1y,0.0190119772744792,0.447166723696385,4.88093352302131,7.0822964897519,2.73717019681505,4.54386556962687,0.361779744725261
191,0.357148359726364,croot,1y,0.0198064113158737,0.236191855309454,4.76033246718884,8.7973423281657,2.79995686040996,3.82548137512687,0.323731423148803
192,0.402669351837619,croot,1y,0.0203227515755901,0.170536484533039,4.67478845580307,16.9694296210721,2.48342714794758,4.79002649278734,0.373216995900536
193,0.418418351614252,croot,1y,0.0205420558797151,0.210137471494239,4.56723224718536,41.825696497879,2.38995253468691,5.56655386586195,0.405173015856048
194,0.400896848023012,croot,1y,0.0204722896478339,0.240835126091741,4.63659417522242,76.7983092827941,2.49440723949668,5.45378989369861,0.400874702709866
195,0.35715858690226,croot,1y,0.0206315129991552,0.287023918305462,4.56763938323223,-52.25971237288,2.79987668411752,4.26697378155171,0.348008213823024
196,0.370254590446227,croot,1y,0.0188480544677518,0.452513258801712,2.50683220371469,-9.24804033741813,2.70084429957994,4.35176818628042,0.352334582782517
197,0.341392608761979,croot,1y,0.018455480129151,0.501636312738869,2.54663773535749,-7.70180541145703,2.92917882325099,4.12252270519275,0.340400921157978
198,0.330126698713359,croot,1y,0.0184481299147597,0.456819883924079,2.51745648549758,-6.81121352152114,3.02914003592383,3.91080136141488,0.328669622419846
199,0.312566331124133,croot,1y,0.0186177107270396,0.434939828693537,2.49305604528504,-7.25617438859282,3.19932091343152,3.49201994354034,0.303130140228757
200,0.336839620049499,croot,1y,0.0188435784382942,0.417236115744543,2.45095016809288,-8.04431468513559,2.96877190353394,3.88447352371924,0.327159260001055
201,0.356792240412795,croot,1y,0.019154929543701,0.422580746576256,2.41118344386422,-10.3025780584004,2.80275153642086,4.21315445111928,0.345209625402086
202,0.342708295025199,croot,1y,0.0191115926198603,0.44745395751286,2.44596059273546,-11.2119803201279,2.91793345686736,4.16572051520484,0.342708152688948
203,0.344421123245673,croot,1y,0.0193930233569542,0.43117439750016,2.35201847910485,-9.7638677801932,2.90342238761792,3.99468648904827,0.333404163458824
204,0.363021283057687,croot,1y,0.019660792779461,0.388310220436176,2.24273113797135,-8.20104231728863,2.75465942816662,4.37141859366907,0.353323070546979
205,0.36393014618675,croot,1y,0.019672644397723,0.358693253266186,2.22258535700486,-7.58366084219397,2.74778006295431,4.57119976235159,0.363085458204938
206,0.359763874653697,croot,1y,0.0196505799419752,0.366745484268723,2.23578299146468,-7.73483314100027,2.77960092842169,4.4910715545069,0.359231444102508
207,0.361167710503861,croot,1y,0.0200806161093652,0.351453056345728,2.29503111355229,-11.6605642508648,2.76879679693656,4.15550595016081,0.342165117105305
208,0.399730982711174,croot,1y,0.0205740338728662,0.291915758736866,2.2841996985381,-15.6630882560999,2.50168248960214,4.93223846653065,0.379511954648321
209,0.436147024382702,croot,1y,0.0211146616189258,0.267218029529614,2.2827654664406,-34.3243224028935,2.29280482061146,5.79592021397803,0.413601920757365
210,0.453917969020018,croot,1y,0.021232551777148,0.273890478309056,2.25352288518133,-47.190695192686,2.20304122826189,6.84703561789186,0.44765123062861
211,0.443949262503277,croot,1y,0.0208201181977081,0.304590489682484,2.30572270081139,49.5888577817219,2.25250965473249,6.53510235076075,0.438247017106281
212,0.428963294338206,croot,1y,0.0206507104535149,0.359164963673774,2.37752162290554,17.3688445674168,2.3312017909196,6.04097565423833,0.422174581735208
213,0.467449766180969,croot,1y,0.0202415132187878,0.403281158738726,2.48846050741185,10.7394095128923,2.13926730174651,7.47975513251521,0.465211945967286
214,0.471356655989974,croot,1y,0.0202951786167619,0.404815656311149,2.47394140810426,10.3731265030596,2.12153575703675,7.518149510607,0.466218469115653
215,0.475319668114942,croot,1y,0.0204083246607887,0.41031971305094,2.4446126143446,9.62450785401398,2.10384729915737,7.62373615534147,0.468954171702936
216,0.474904180626214,croot,1y,0.0203559075240067,0.404049614530044,2.45887078364522,10.0414302908515,2.10568792778659,7.81385545885577,0.473764356193341
217,0.469322905049214,croot,1y,0.0203665301355932,0.373113047116694,2.4375727347144,11.2330163873604,2.13072916161025,7.59430548345622,0.46819634533313
218,0.480833748538859,croot,1y,0.0204223033459448,0.319516905399827,2.38812469967071,14.6483222177314,2.07972090777481,7.90540975108406,0.47602955835012
219,0.475358175806811,croot,1y,0.0203932336020971,0.364257159548786,2.42219121286261,11.8424850830932,2.10367687124079,7.81986360324163,0.473914009507316
220,0.480594353281947,croot,1y,0.0204899657699108,0.377276873073708,2.39685756298568,10.7710241752952,2.08075686526707,7.8938607880522,0.47574560744722
221,0.477810750788458,croot,1y,0.0204837793854093,0.391150834525748,2.40674035467233,10.266732159898,2.09287881938582,7.97615345666574,0.477757804809591
222,0.479791663136336,croot,1y,0.0211354195294603,0.311637704483208,2.41408440347002,8.21496904161872,2.08423796583527,6.95765983819333,0.450861540216472
223,0.502628079414899,croot,1y,0.0215373492423745,0.296274495367732,2.35877462217114,7.13473723181023,1.98954264784427,8.24066581327476,0.484055725057588
224,0.484084701521582,croot,1y,0.0213428367458526,0.352196485513836,2.44736608983091,6.00985149148978,2.06575418900202,8.17251523253264,0.482457259094898
225,0.479315215929657,croot,1y,0.0211200109047368,0.406011683397009,2.55272689572065,5.21199723888583,2.08630973264733,8.00344460123953,0.478419464415572
226,0.46484687911558,croot,1y,0.0211338702459388,0.404942650749573,2.54718357853886,5.23445604410761,2.15124602299709,7.23310551750071,0.45859086510526
227,0.512455414890721,croot,1y,0.0221202472922344,0.538004925650405,2.77162358823266,6.30065974788918,1.95138927395907,7.30983377468088,0.460679906170767
228,0.527842151915874,croot,1y,0.0225257748296248,0.483655462975268,2.61797637076134,7.96673344690036,1.89450576535119,9.34042863426102,0.50778240707154
229,0.537210972551016,croot,1y,0.0227457778595009,0.451233462636788,2.51932074995856,9.05600746070813,1.8614660740293,10.3479131112859,0.526640268777841
230,0.553803461506536,croot,1y,0.0229356564166849,0.394944078042992,2.4229654327267,11.5087821031314,1.80569474462954,11.3666078582561,0.543492617057958
231,0.560963713071723,croot,1y,0.023014066878853,0.392744912786714,2.40153234858401,11.9766021842735,1.78264650047363,11.739926505606,0.54919618454542
232,0.595729822723385,croot,1y,0.0236391069638206,0.419600548560193,2.36162619070507,16.1148351893321,1.67861329390644,12.5516794550108,0.560839192923238
233,0.61481164087156,croot,1y,0.0240793127729347,0.371155983887492,2.2569314268367,35.9884582279246,1.62651442087595,14.9123450699632,0.589870310339825
234,0.629144139167534,croot,1y,0.0245221554501331,0.341754913576604,2.15465996539881,192.462637861992,1.5894608846284,16.5694173500805,0.606925307387645
235,0.659942810561687,croot,1y,0.0246476700030843,0.280906196480863,2.09588360223058,-39.4028259679377,1.51528281541379,21.3863390491686,0.646060053251744
236,0.673060635221467,croot,1y,0.0243800819869228,0.292083525019807,2.15604475304493,-70.6533319083744,1.48575023953222,25.2521117560165,0.669912114387978
237,0.683864210165173,croot,1y,0.0249088618088764,0.271821146061782,2.07152027060123,-25.9470067776718,1.46227860024795,22.8252266041635,0.655558618183256
238,0.679414776843862,croot,1y,0.0251273450325204,0.228484397828924,2.00333819345414,-17.5805781593651,1.47185494646639,24.8273111047019,0.667534741296691
239,0.691715226779803,croot,1y,0.0253347794452703,0.202091924353488,1.97971021410279,-9.81430075171574,1.44568163499216,23.8531429588965,0.66187350121172
240,0.692208701624728,croot,1y,0.0254395305491506,0.147632895380552,1.94723923549888,-7.27929163493061,1.44465101009686,26.0672404499245,0.674328786210011
241,0.705605726955988,croot,1y,0.0255865632324914,0.0919740407208309,1.91795435739744,-5.87205597047002,1.4172220573011,28.8004427668077,0.687894927938555
242,0.727629639203038,croot,1y,0.0263859759149506,0.108049259173276,1.93718921743807,-5.00825797509524,1.37432554437349,27.9436400269669,0.683833088773656
243,0.655757739807425,croot,1y,0.0265270357980454,0.123775869250729,1.90965995594211,-5.27814748273566,1.5249534077839,21.7025755252502,0.648218440302277
244,0.657154593353552,croot,1y,0.0266343351571741,0.130842019258969,1.89044677449475,-5.46498817058203,1.52171195349463,21.8899721460679,0.649478034899805
245,0.655602559643445,croot,1y,0.0265463511018336,0.0961342322275902,1.90567113044275,-5.06966060982758,1.52531436201814,22.758598244809,0.655136374367126
246,0.651811533175903,croot,1y,0.0267611976181146,0.139678491065279,1.87911406613532,-5.7812662750458,1.5341858023401,20.5137541274782,0.639880186044445
247,0.650946652219412,croot,1y,0.0268694671809627,0.172815618536204,1.86254283480597,-6.30818680613076,1.53622419992558,21.3051376279098,0.645499053254951
248,0.651605750207176,croot,1y,0.0268168473236416,0.215657709286278,1.88703745132226,-6.97723928860485,1.53467031204383,21.9816554083528,0.650089128204815
249,0.662880402122018,croot,1y,0.0278544958547109,0.132454512727157,2.01915374520704,-9.87396335546909,1.5085677549054,17.3835426591288,0.614514712948617
250,0.593420176185265,croot,1y,0.0279558605700984,0.112736669670713,1.99019746010118,-9.19007823463093,1.68514661302618,14.8228446042817,0.588880024998846
251,0.570816916628648,croot,1y,0.0285651536743642,0.0527312027504207,2.02929925846702,-10.8596696550914,1.75187520003119,11.0968645498277,0.539221623126643
252,0.526214992928855,croot,1y,0.0285631437126134,0.0255229304932496,2.02837165281476,-9.86065097930754,1.90036394522723,10.2823785542954,0.525484958828539
253,0.523424852109517,croot,1y,0.0287611267060415,0.0181477157771908,2.01226973150318,-10.5378050957639,1.91049392471485,9.40410091555844,0.509048335730261
254,0.510463138370587,croot,1y,0.0287532539224984,0.0130798448310405,2.01433486669669,-10.3467714588267,1.95900531268923,9.47213700655683,0.510389232456071
255,0.511969506734225,croot,1y,0.0297705211532718,0.0538370047093458,2.06609741075412,-15.2260837805781,1.95324132950583,7.96684345605297,0.477531448510126
256,0.508979786181752,croot,1y,0.0299987611218188,0.04236117979693,2.02374992924906,-18.0165389708328,1.96471456656809,8.9536068104262,0.499852760972666
257,0.500902119516027,croot,1y,0.0298705207871397,0.0594894049784887,2.05411944930718,-15.7018872847866,1.99639802076742,8.97808078547325,0.500367037091912
258,0.522615872614247,croot,1y,0.0299622391345689,0.0548941372436322,2.03622308389226,-16.7519866362538,1.91345126009619,9.76411146090675,0.516009703861775
259,0.510820801219496,croot,1y,0.0295505880694594,0.0166062301299038,2.06232222875432,-37.4329418203058,1.95763367038436,9.29264648617323,0.506825298445994
260,0.517479129833592,croot,1y,0.0296005393504444,0.0134974862342205,2.06382045894303,56.1453478035386,1.93244508299605,8.93494909473032,0.499459524696115
261,0.508314689281057,croot,1y,0.0293712424162555,0.0471190149020356,2.11412180052026,29.1993901172701,1.96728526852995,9.36515084545568,0.508275210425509
262,0.508238466584226,croot,1y,0.0297395689402758,0.0732125747262846,2.05759464638007,18.5625630126884,1.96758031071676,8.76720381300018,0.495877492659181
263,0.489046011754408,croot,1y,0.0295385652660531,0.11591186497627,2.10667544684426,13.7574585341882,2.04479737277192,8.43729252792421,0.488577294839004
264,0.505211041476898,croot,1y,0.0292233959386779,0.166179968318269,2.17023124960564,9.92984270055614,1.97937083298234,9.11301571152021,0.503171402709997
265,0.504496597330458,croot,1y,0.0292222340208886,0.164717609307485,2.17024626463722,9.97835334776457,1.98217392404923,9.17620238285598,0.504466867221129
266,0.51312478181939,croot,1y,0.0292721222036617,0.212040789502373,2.17246197665029,8.42398677040157,1.94884370319105,9.41219409370938,0.509208475928516
267,0.498856494772145,croot,1y,0.0292378043387649,0.163525301894709,2.16621588290579,10.020569298022,2.00458450572394,8.79016859375477,0.496372901610962
268,0.486134985032706,croot,1y,0.0292108679202495,0.161741295561758,2.17163903672427,10.1492756884994,2.05704183156603,8.20873459610075,0.48330882712401
269,0.496223882067413,croot,1y,0.0291657279975778,0.159682965872044,2.18032534239873,10.3508602961519,2.01521941232193,8.63188280555809,0.492925121186936
270,0.486884558279913,croot,1y,0.0291881810335648,0.15104318983657,2.17201915472065,10.6849936643255,2.05387495453305,8.32297021354728,0.485964478318682
271,0.47572851282149,croot,1y,0.0289048305612855,0.189388904766321,2.24451236812513,8.83438370523009,2.10203923676787,7.88988616402248,0.475647765903076
272,0.476284364468986,croot,1y,0.0286359659565944,0.222655260016268,2.31936154503356,7.66837893336875,2.09958603431148,7.9154448119747,0.476275871842225
273,0.475157732758458,croot,1y,0.0286804584169022,0.216402965655594,2.30483986988756,7.83898595838813,2.10456429740635,7.743273895164,0.471995584324237
274,0.484541924013083,croot,1y,0.0286737005430446,0.217960710328564,2.30734189113036,7.80276551806735,2.06380490612201,8.21336391937767,0.483417333667142
275,0.479024251607109,croot,1y,0.0286876929192667,0.161440177627929,2.27949634908914,10.6314189679067,2.08757697892129,7.64492239500691,0.469497481445671
276,0.481970850440645,croot,1y,0.0288571387027198,0.115098535863644,2.24783117881471,18.4812377309902,2.07481427369673,7.52910157736354,0.466504423390339
277,0.472418724632269,croot,1y,0.0285127581799197,0.0807075608516898,2.30381421665574,32.4196086630754,2.11676622423974,7.73478200295721,0.471781438487227
278,0.468910214542768,croot,1y,0.0284218268243309,0.0482637692200789,2.32697850744998,54.3005719477973,2.13260442828079,7.6143722086873,0.468713445560781
279,0.462567160647238,croot,1y,0.0284013173365827,0.0463969142785945,2.33229265446229,57.7514293381301,2.16184823540169,7.28721759198171,0.460066953191308
280,0.459848055233938,croot,1y,0.0282756889776698,0.024593539990659,2.3669651633447,130.728436932375,2.1746313562015,7.27528725730368,0.459742671242826
281,0.457184563951071,croot,1y,0.0282575102490643,0.0208100642135474,2.37246799825159,163.38865856615,2.18730044461217,7.14975765849212,0.456290581897902
282,0.451657439348854,croot,1y,0.028159349330924,0.0040296576098983,2.4020661707105,-269.659740733909,2.21406737247964,6.98533488544074,0.451654922701732
283,0.451508948651083,croot,1y,0.0280752401282862,0.0132939617638518,2.4263740550505,-116.069050880294,2.21479552728152,6.93488122069828,0.450205627585157
284,0.45163816058939,croot,1y,0.0280479883329559,0.0338272508673667,2.43618790229507,-63.8285711854386,2.21416188281122,6.98239476731037,0.451570818621104
285,0.450937185613037,croot,1y,0.0280860318299704,0.0440116485750564,2.42436416761101,-51.146455476897,2.2176037636828,6.90826331597645,0.44943581813565
286,0.462289544197313,croot,1y,0.0282845435473796,0.0508839296316961,2.37954674136327,-35.7848359467062,2.16314647941331,7.06927292960407,0.454037923183756
287,0.457836741446231,croot,1y,0.0282861100822794,0.0863223518543512,2.38251327160731,-24.7312231934857,2.1841846874088,7.1614416846109,0.456615019690562
288,0.459231513424062,croot,1y,0.0281863674675881,0.121514740567117,2.41805325311391,-18.6226581770046,2.17755091009311,7.24899241394513,0.45902563431537
289,0.454926088372612,croot,1y,0.0281840745382027,0.136851513156171,2.42149476149563,-17.000908712075,2.1981592736905,7.09499656523956,0.454761293363209
290,0.43882345307487,croot,1y,0.0276337935065845,0.167448464416959,2.51268443571,-10.8777336273095,2.27882077175439,6.51106947383982,0.437499867570042
291,0.442154280139876,croot,1y,0.0272906440518422,0.218165907244748,2.60006642326614,-8.04388483616585,2.26165400837836,6.57211539582731,0.43939118927174
292,0.452637389694843,croot,1y,0.0277896303584227,0.233426374132458,2.56313024781767,-6.41427325295131,2.20927396358965,6.40668021685361,0.434215196781125
293,0.42258427857676,croot,1y,0.0278237207694285,0.229176046868493,2.55083762766146,-6.50163327201622,2.36639186712753,5.96365728981489,0.419515782483673
294,0.39872150015722,croot,1y,0.0280084252914503,0.236481471141553,2.50891020973702,-6.18122926962811,2.50801624594031,5.24207435106959,0.392509506633873
295,0.383943306164697,croot,1y,0.0273399358578006,0.266711813801846,2.56927976094653,-7.1265753570329,2.60455120311705,5.03378442318507,0.383876415179911
296,0.379578197180231,croot,1y,0.0271674924198335,0.264958183093879,2.60767203900797,-7.4862011282264,2.63450326554236,4.89216881442552,0.377760289730711
297,0.378894782862999,croot,1y,0.0271653425119914,0.264874045171493,2.60821180130255,-7.49158468629271,2.63925513157984,4.84994492318895,0.375895932049796
298,0.371289118558845,croot,1y,0.0270572611418991,0.246778086087601,2.63613229364298,-8.00155518895196,2.69331889897956,4.74528436918586,0.371190567207939
299,0.3555147359222,croot,1y,0.0269217139795186,0.222515297888259,2.67128250241075,-8.80047631279692,2.81282292675159,4.41533884003003,0.355513671425342
300,0.335693883696112,croot,1y,0.0264135223957983,0.224596381670677,2.75790695780867,-10.9000948859335,2.97890443814357,4.03599372362251,0.33569322460269
301,0.316624852429099,croot,1y,0.0260386343911413,0.223820769218418,2.84367631272164,-13.1942211059205,3.15831177599657,3.70165873163176,0.316332849062985
302,0.299702173296316,croot,1y,0.0257282278641424,0.187239862954116,2.90255359219161,-20.9754675664093,3.33664580740728,3.4187126093215,0.298296541278043
303,0.301056679381448,croot,1y,0.0255802137849865,0.135313895997092,2.93136495853016,-48.1022569200836,3.32163366066019,3.42714630906905,0.298858656892853
304,0.289607700358567,croot,1y,0.0255391383070322,0.103147262649634,2.94348970104797,-109.410615334101,3.4529468614332,3.28728008522729,0.289325275874559
305,0.272053014717306,croot,1y,0.0250058028980228,0.108486502459122,3.06552811645534,66.4535501603968,3.67575415783983,3.04999202997252,0.272041073675669
306,0.24563451299539,croot,1y,0.0248914945716058,0.110662489839616,3.10053969222864,51.065258341764,4.07108914706448,2.69236665377193,0.24288518164787
307,0.228802366703766,croot,1y,0.0245400599436629,0.157566498280721,3.12563274294736,34.6438370759633,4.3705841613724,2.47789351745023,0.223232376119284
308,0.213059744942574,croot,1y,0.0242762123583546,0.179367863186941,3.18297053300791,26.5416700143704,4.69351918293872,2.34411532515807,0.209990925647911
309,0.190787035500285,croot,1y,0.0246228411062533,0.117275995698933,3.20277904468484,33.8282543836185,5.2414462931288,2.05753602077336,0.178586950153659
310,0.209504010421711,croot,1y,0.023550563560483,0.242218966987517,3.17873519976172,13.594789473645,4.77317831762313,2.33554525342679,0.209114334482828
311,0.201509141618163,croot,1y,0.0234718034118148,0.281235585160225,3.2325278847215,16.6946748824781,4.96255401601029,2.26115724090801,0.201353269183222
312,0.2115283151333,croot,1y,0.023483016526533,0.335423168070911,3.25555295564965,26.8245351111819,4.72749948095519,2.34047638997621,0.209619149351662
313,0.245292308724143,croot,1y,0.0243926923439163,0.202845329871328,3.22079260583706,104.53147019013,4.07676867326731,2.51462741245532,0.226729912263628
314,0.2263609828813,croot,1y,0.0242066368609312,0.245161245470959,3.32002127438268,-122.461977809796,4.41772246820639,2.50969785263203,0.226263865998887
315,0.226002056699043,croot,1y,0.0241738709387987,0.292586608594611,3.35512350982607,-38.8593445416288,4.42473849400253,2.49761962927114,0.225117661728938
316,0.216720334754468,croot,1y,0.024181785484977,0.321441107416547,3.36332165644771,-27.9495999970031,4.61424167295119,2.4066319998265,0.216280246311907
317,0.266212071376117,croot,1y,0.0234406624178409,0.201293575297822,3.25839299105906,-19.0168234801061,3.75640366280443,2.86348067092586,0.257347570942126
318,0.313729206499093,croot,1y,0.0234211839415156,0.14350449954946,3.24769805732504,-38.876948389827,3.18746224222797,3.60216828728265,0.31017764451336
319,0.388682427945517,croot,1y,0.0236494553953085,0.196445838822676,3.34187887663055,-46.5399081096681,2.57279446690133,4.34928966730029,0.352209531977612
320,0.456446979889462,croot,1y,0.0246287364488718,0.24670109787508,3.25430426500922,48.5214443911725,2.19083495796636,5.97795418056328,0.420010545739448
321,0.497459541600103,croot,1y,0.0248212192496712,0.264245913053283,3.23086289044226,39.6757414432845,2.01021372870536,7.8418160069149,0.474459605294049
322,0.558658206891203,croot,1y,0.026576310100248,0.468234390896106,3.50748317242846,14.8807504190381,1.79000323930576,8.4273955563159,0.488352841942499
323,0.610076606112459,croot,1y,0.0269312753695,0.528569047512511,3.62064280375938,13.9439054183955,1.63913841307933,11.7904475304805,0.549950351113353
324,0.644998489215602,croot,1y,0.0276987414765129,0.575731140949956,3.52519289601478,11.5749794640344,1.55039122838276,15.8209094894693,0.599508011417473
325,0.650954502925391,croot,1y,0.0282349287437729,0.540011821915136,3.31499580627771,9.39842544627474,1.53620567260231,18.798001415492,0.626659384302483
326,0.68245814248409,croot,1y,0.0292964814071707,0.596607836323917,3.23952538008697,7.98040919490213,1.4652913310699,19.0193215241854,0.628451797425436
327,0.673996594688238,croot,1y,0.0297652381969837,0.579083067852119,3.0929271366862,7.25161529207529,1.48368702139001,21.9666820688504,0.649989556435117
328,0.739517431098031,croot,1y,0.03121239537655,0.733651747566012,3.38377392227485,6.52862455295291,1.35223316983239,22.5613520156114,0.653876747051552
329,0.747351215074263,croot,1y,0.0323354177151347,0.712353598858143,3.16520065548228,5.54607976093874,1.33805897391982,30.8671257740757,0.697061927153413
330,0.794410314846157,croot,1y,0.0338444401313045,0.805106262822304,3.25712117769553,5.097731416494,1.25879533700876,35.3492828918089,0.714386962523206
331,0.823534718207854,croot,1y,0.0358158777530756,0.858439840945045,3.25794512371516,4.46790282404482,1.21427789003986,42.4691839973656,0.736579813381988
332,0.874165560137879,croot,1y,0.0388700330831264,1.03793163963664,3.76598229727265,4.00603287282539,1.14394806384534,44.9829983474062,0.743245406357129
333,0.844323182133519,croot,1y,0.0401432181082454,0.977564750509105,3.45329760844669,3.65100651146029,1.18438060349486,71.5006379876496,0.792199696714937
334,0.805820272733288,croot,1y,0.040137120305845,0.97928520643928,3.45718811148185,3.65672791375426,1.24097150920275,81.6215627567218,0.804718570247495
335,0.798495545957514,croot,1y,0.0421155608715967,0.685937207108596,3.57578808551902,4.31626563023256,1.25235513843831,37.6375479126186,0.722133068435461
336,0.822052132663751,croot,1y,0.0442826040378036,0.461519193898712,3.64800628082405,5.59121555525728,1.21646786166667,45.2453077585785,0.743911815395348
337,0.834971946409022,croot,1y,0.0460251109901823,0.348707149508803,3.57599078711879,7.46021518882745,1.19764502783682,58.8555483852369,0.772643446643604
338,0.842816837428182,croot,1y,0.0474533128621371,0.270719410015893,3.44309239330615,9.56829038603503,1.1864974162731,71.7338745905911,0.792515123535296
339,0.847521102148548,croot,1y,0.0486489035645888,0.243036212641214,3.30432818828866,13.3703398753227,1.17991162398777,83.6480401506829,0.806970471480934
340,0.851049532791465,croot,1y,0.0496334907553252,0.235082231360183,3.17694240208347,20.1850720925252,1.17501973912138,94.7589398757983,0.818107125276095
341,0.854511585157323,croot,1y,0.0504070501681473,0.226396022268646,3.07190968574933,30.9829857699831,1.17025914846537,105.457021919039,0.827250907396695
342,0.85567376096084,croot,1y,0.0510867797668337,0.232503357130146,2.97634466582107,68.2570450425927,1.16866970289833,113.006947041846,0.832968187841763
343,0.855094450172131,croot,1y,0.0515325581123095,0.229531183318569,2.9159750390416,190.380730911444,1.16946145516288,117.188787465407,0.835913348655903
344,0.862935883612745,croot,1y,0.05178217216296,0.227040071400974,2.88313774747026,3558.64275617882,1.15883464691887,134.420806150556,0.846675249696189
345,0.863866495413443,croot,1y,0.0521761106711552,0.244798956418202,2.82510746998349,-79.6646459053395,1.15758627670981,141.917092006754,0.850780850836515
346,0.864668590071583,croot,1y,0.0524913978923583,0.26645484168733,2.7802385636304,-40.3750885525857,1.15651246209512,149.020167934758,0.85440461876281
347,0.865903906834705,croot,1y,0.0526788497869402,0.306560926336616,2.76564694414807,-24.0578379295414,1.15486255704225,156.956279113982,0.858182247788873
348,0.865569196188305,croot,1y,0.0528483451346101,0.333858196533502,2.74809622369513,-18.8860214132667,1.15530913577295,160.86126287306,0.859945960305431
349,0.865943268653302,croot,1y,0.0529439184307188,0.365147819005208,2.74638401893553,-15.4432244374393,1.15481006227484,165.725574680439,0.86206235763793
350,0.86541799637156,croot,1y,0.0530204306494664,0.385439712965022,2.74277329654054,-13.8213937360674,1.15551098335452,167.682933518119,0.86289004208458
351,0.866254926093509,croot,1y,0.0530300893976974,0.413006779551215,2.75618904328173,-12.2139763049709,1.15439458971926,172.2624995663,0.864775732533907
352,0.866082930511452,croot,1y,0.0530537074489473,0.424137245125931,2.75798123455189,-11.6580859546888,1.15462384117127,173.610657293038,0.865317780878675
353,0.86494588436109,croot,1y,0.0530514152768943,0.423438904634888,2.75801513425993,-11.6925343379128,1.15614169404213,171.892417218387,0.864625915230817
354,0.866954114480548,croot,1y,0.0529486136663725,0.408553737607156,2.76763503223421,-12.6139909314168,1.1534635839397,177.535457028266,0.866863465106947
355,0.867136099620511,croot,1y,0.0529373282278746,0.401861694871558,2.76618673274758,-12.992146333068,1.15322150748612,178.235081087068,0.867134073702295
356,0.867122792179032,croot,1y,0.0529376211729482,0.397552602412082,2.76383076284714,-13.2372425062373,1.15323920558824,178.116714579953,0.867088393079645
357,0.867061299755821,croot,1y,0.0529415041968361,0.390968591465248,2.75959681682222,-13.6271665532135,1.15332099389238,177.672509965797,0.866916591137262
358,0.866671468334064,croot,1y,0.052932550768077,0.375307826217927,2.75324034157486,-14.6875461922391,1.15383976112912,176.330136584605,0.866393808224284
359,0.863739106824622,croot,1y,0.0529012764709778,0.353823072948237,2.74850091042783,-16.5051009781988,1.15775700335755,168.768336852625,0.863343314808571
360,0.878845789243036,croot,1y,0.0525978612542088,0.322054830853869,2.78028822383061,-22.3246338298333,1.13785605192615,211.006371375696,0.878383647400604
361,0.883346799840274,croot,1y,0.0525713438847271,0.327665407728733,2.78814535613215,-21.4364513609425,1.13205821335496,226.01266415825,0.882766845912808
362,0.887200019422175,croot,1y,0.0524533120544377,0.297096254823427,2.79647809721017,-28.6910202164295,1.1271415443062,240.368344924089,0.886604066659076
363,0.886922241443391,croot,1y,0.0524683365136684,0.282996846404334,2.78789044377105,-33.1063634528309,1.12749455732735,239.199619643697,0.886303445814531
364,0.886335774877402,croot,1y,0.0524424836666722,0.259522175918057,2.78432441241142,-45.2931148091781,1.12824059272381,237.010979204306,0.885735076095202
365,0.888052647158102,croot,1y,0.0523878082563073,0.233176715770073,2.78611752864632,-78.836122300766,1.12605936506146,243.854168512277,0.887489028557493
366,0.888206277442969,croot,1y,0.0523982654117505,0.218626918720193,2.77952998250434,-127.207941929507,1.12586459406577,244.550800962275,0.887663827744645
367,0.888280516847443,croot,1y,0.0524126917449139,0.206983609140086,2.7732080287115,-248.529666650338,1.12577049820822,244.913300873184,0.887754519156148
368,0.88826669827654,croot,1y,0.0524276589540743,0.196376509282972,2.76722996701697,-1883.5407201409,1.12578801157383,244.893111098012,0.887749472804941
369,0.889295174222541,croot,1y,0.0524327372500572,0.180404139117403,2.76212737879435,208.487277534763,1.12448603004536,249.076982245001,0.888783310183115
370,0.888986474314616,croot,1y,0.0524251847635164,0.182283322417347,2.76414869096013,239.886941029709,1.12487650700307,247.636140158097,0.888429954051711
371,0.88994968380292,croot,1y,0.0524017718102178,0.187029349288896,2.77015192641497,390.918310525397,1.12365903174078,251.255019130564,0.889312228066837
372,0.890277378249338,croot,1y,0.0524168357504832,0.182064498834827,2.76578725253026,238.179567191051,1.12324543387413,252.408008844969,0.889589712228098
373,0.890198601701316,croot,1y,0.0524366123882602,0.170886879539595,2.7590346287218,126.804254971107,1.12334483348866,252.159966463487,0.889530162369201
374,0.888747540990496,croot,1y,0.0523870415934462,0.144694047630898,2.7632034234272,58.430437749885,1.12517892188541,246.60400445886,0.888175111024952
375,0.889375720137092,croot,1y,0.052256263789221,0.113757528910633,2.78277042216651,34.6235180503283,1.12438419147068,249.698937916823,0.888934984786873
376,0.885189860521759,croot,1y,0.0521789142809885,0.0878173329809927,2.79477905974817,26.1724744855833,1.12970114615928,233.763407296162,0.884878432171808
377,0.900940342381197,croot,1y,0.0517865016603989,0.0546381846048258,2.85938499773025,18.097763303259,1.10995140627956,305.462834176502,0.900765056905445
378,0.901447837506174,croot,1y,0.0517820338384784,0.0568823042945559,2.86053525691203,18.3444279064705,1.10932652827308,308.594682630897,0.901342109578314
379,0.900872598142975,croot,1y,0.0517766890087834,0.048410077517748,2.86111356165852,17.440025204618,1.11003487292361,305.795066531764,0.900826646650693
380,0.896276898096904,croot,1y,0.0517162958725546,0.0306054862088271,2.87312925884959,15.709199313037,1.1157266265853,282.459547862277,0.896268395440218
381,0.91083956224724,croot,1y,0.0512216371988197,0.0029988914668203,2.95896861326681,12.358210700959,1.09788819178295,366.872823050858,0.910835757099392
382,0.910382497992146,croot,1y,0.051211735323423,0.002528056377654,2.96124457783678,12.0795082295377,1.0984393946561,363.618837959817,0.91035977387071
383,0.910544321267173,croot,1y,0.0511692827265346,0.0143333518500146,2.97102339501171,11.5012957160167,1.09824417839247,364.511777654998,0.910490947966107
384,0.914023421228728,croot,1y,0.0511415952222653,0.0231097619363533,2.97759675613719,11.111705230097,1.09406386835875,389.077991095984,0.913942056572113
385,0.915895386893911,croot,1y,0.0510173510108744,0.0029365578294272,3.00464040047214,12.405823037626,1.09182775053744,403.40041603778,0.915824982106586
386,0.912174012371731,croot,1y,0.050982510619051,0.019356602779749,3.01297244564034,13.3182663761721,1.09628205412245,375.807193809836,0.912114554480474
387,0.910746001523193,croot,1y,0.0505326785785616,0.0518436812489262,3.10228866320287,17.0139680696517,1.0980009775805,366.024523857696,0.910712208305644
388,0.913194913398005,croot,1y,0.0500860229269391,0.0844922815761624,3.19720507609353,23.5002725189561,1.0950564718752,383.464494772715,0.9131791613173
389,0.903159982280174,croot,1y,0.0498164240352324,0.115927027056249,3.264226816743,33.5358623072861,1.107223548009,318.709335029219,0.903153529757672
390,0.902750121885265,croot,1y,0.0488953976696114,0.134256919047257,3.43113229122776,148.373694806704,1.10772624202104,316.418834293892,0.902750118543552
391,0.903036109225219,croot,1y,0.0481126786390041,0.158431295641161,3.59982705118085,-67.5671117333941,1.10737543026709,318.006025764507,0.903030073350858
392,0.906404690884944,croot,1y,0.0474779443408513,0.187583177166378,3.76064052733441,-29.1458092945491,1.1032599566797,337.870045791837,0.906383397960187
393,0.896732476156406,croot,1y,0.0470899328131623,0.219813720065229,3.87974590209934,-20.2381726993033,1.11515979022665,284.534320688913,0.896693880542502
394,0.903222224471413,croot,1y,0.0462159339520903,0.240421320056943,4.1037599169321,-13.7114959906409,1.10714724782733,318.654798117793,0.903143969557067
395,0.884872523273512,croot,1y,0.0457481420805308,0.272453007549736,4.26202930279994,-11.1427278224849,1.13010628502802,233.322002540039,0.884760749027713
396,0.888540535403556,croot,1y,0.0442068540222956,0.24098874910773,4.57769293608114,-8.10597837655483,1.12544105772937,247.247291818429,0.888334113591255
397,0.869030229910595,croot,1y,0.043105613244653,0.240846125330144,4.90525575504707,-6.58241601366391,1.15070795650328,182.434271927113,0.868728210654518
398,0.848191403575072,croot,1y,0.0412817187961563,0.155158876233563,5.30027970873149,-5.19977776455587,1.178979173551,136.279740199615,0.847722278094603
399,0.79520733553355,croot,1y,0.038963621221804,0.0471592400991014,5.65650740916409,-4.11967862260928,1.25753367117652,73.2318789125974,0.794508010782961
400,0.811824906537727,croot,1y,0.0348345120584412,0.9208124646364,4.40992867887545,-3.05262494336285,1.23179270794339,86.9896645306774,0.81052461519406
401,0.885187683281638,croot,1y,0.0324333307150606,1.50960936774557,3.99769251732972,-2.53908362690192,1.12970392481369,227.350771728058,0.883138378517084
402,0.946028348533484,croot,1y,0.0321715003491236,1.53476906899676,4.04027231331609,-2.45327496632652,1.05705077606837,720.134882414098,0.943682300533978
403,0.928234200535331,croot,1y,0.030510036594269,1.6285566703268,4.4290166367392,-2.61005034898178,1.07731432371624,495.866425647104,0.926200509412806
404,0.926289360489684,croot,1y,0.028351597725008,1.67524391787782,4.59602600628269,-2.78982757144516,1.07957625624821,479.105140592323,0.924513057082025
405,0.924342595420656,croot,1y,0.0262939565815004,1.72582032215096,4.78918464310825,-3.00861699987888,1.08184996012751,462.990372096082,0.922818457201086
406,0.922182566698611,croot,1y,0.024338134305067,1.7816577992195,5.02052931846166,-3.28139236056599,1.08438397787108,445.611077584326,0.920904287328943
407,0.919469167991617,croot,1y,0.0224793203475689,1.84366945983734,5.30223880146119,-3.6317925938004,1.08758404828765,424.358629491306,0.91842872020446
408,0.915667309974388,croot,1y,0.0207059578352537,1.91169106036294,5.64355540621117,-4.09994134368636,1.09209970598161,395.932337105707,0.914854278010138
409,0.909926999152399,croot,1y,0.0189984692879173,1.98331887242831,6.04409843283611,-4.76094689548649,1.09898926060168,356.693841761126,0.909327836031542
410,0.902707719043772,croot,1y,0.0173271646754915,2.05133473936019,6.47689336427463,-5.77618103163864,1.10777827518667,313.91080280563,0.902303896312925
411,0.895207190543464,croot,1y,0.0156823131427799,2.10714100987262,6.90679805182904,-7.5588698368343,1.11705983884347,276.268601280973,0.894973341808205
412,0.887525392162409,croot,1y,0.0140816711025397,2.14379168981563,7.31240093356298,-11.5492658249743,1.1267283266832,243.603962281421,0.887426081191103
413,0.879876245067933,croot,1y,0.012543414688532,2.15075606982303,7.65807338549616,-28.7266553726758,1.13652346634588,215.905878005692,0.879860331166587
414,0.872668664069712,croot,1y,0.0110863536361039,2.11243623713135,7.88729376899702,40.9263485645048,1.1459102878021,193.390664428738,0.872660887848949
415,0.866630707269521,croot,1y,0.009730190205053,2.00678675350006,7.91646294434207,10.7886503155071,1.15389403076967,176.651808822531,0.866519578875829
416,0.862972068469362,croot,1y,0.0084957219066704,1.80554068731012,7.63662048518878,5.83582230333097,1.15878605639425,166.978900373703,0.862593871697419
417,0.863515117431367,croot,1y,0.0074047048301563,1.47978146835282,6.94081614924361,3.83097860091421,1.15805731690561,167.08105791785,0.86263695330845
418,0.870562688587819,croot,1y,0.0064787548742908,1.01698076386497,5.80201893652554,2.77557505807308,1.14868235580156,182.830581530738,0.868876060630846
419,0.886060770686399,croot,1y,0.0057362791943656,0.451225632693111,4.39109851520646,2.15501235736592,1.1285907615855,227.621204164929,0.88321310385551
420,0.90982567418585,croot,1y,0.0051866734377101,0.115596403049863,3.1023068696857,1.77712650838752,1.09911165223474,332.636697785661,0.905525889633096
421,0.937984075949368,croot,1y,0.004823129842223,0.550972631256883,2.30621646805881,1.55178311753293,1.06611618005121,561.397366379523,0.932170295630359
422,0.96407732982718,croot,1y,0.0046188930068461,0.786449105737241,2.02171910135961,1.42777721687503,1.03726119167148,969.325484909856,0.957018768820205
423,0.982841753372326,croot,1y,0.0045317679525744,0.862606615960647,1.98573954428238,1.37131672693866,1.01745779172364,1410.10966404473,0.975041059257515
424,0.992809295037222,croot,1y,0.0045152208350049,0.869366850075512,1.98879986934844,1.35863156337475,1.00724278569784,1643.89134076849,0.984781659769884
425,0.99565664672239,croot,1y,0.004529098202023,0.872948168815025,1.98806721347009,1.37321813299724,1.00436230028887,1702.56179295884,0.987776111117817
426,0.994231870480655,croot,1y,0.0045453759947914,0.898353447149712,2.01144417067476,1.40414362676732,1.00580159386417,1682.62519982849,0.986705426879763
427,0.990771705296351,croot,1y,0.0045485700753299,0.946694816484254,2.07987976763805,1.44493645914784,1.00931424934152,1620.40972561409,0.983688965391845
428,0.986637704235824,croot,1y,0.0045321218123148,1.0122623943334,2.19655344362737,1.49210643947556,1.01354326487505,1535.42006150735,0.980023413268205
429,0.982562481849525,croot,1y,0.004494913025255,1.08967430673678,2.35687163134119,1.54394507626202,1.01774698146183,1445.22472914345,0.97641040600915
430,0.978871939567721,croot,1y,0.0044387700821649,1.17562956860213,2.55639190193993,1.59981074585829,1.0215840903986,1361.59588591854,0.973163546668224
431,0.975628420934844,croot,1y,0.0043667549198395,1.26873812443348,2.79402046584972,1.65970506882634,1.02498039063049,1288.66624220323,0.970342169697502
432,0.972710108494824,croot,1y,0.0042820067063205,1.36892721201551,3.07249167015112,1.72402210900599,1.02805552370316,1224.38323304196,0.967825576434306
433,0.969847903106498,croot,1y,0.0041869508581394,1.47694362968073,3.39801518061737,1.79340578986183,1.03108951083662,1162.43173303724,0.965347289866825
434,0.966629635881304,croot,1y,0.0040827375077207,1.59410243375047,3.78028670004206,1.86868189678868,1.03452238880331,1093.47191361259,0.962498071290134
435,0.962465406959631,croot,1y,0.003968784840755,1.72229466740461,4.23356354207498,1.95084041655949,1.03899838141605,1005.9291144249,0.958690842579149
436,0.956485422205989,croot,1y,0.0038422783417676,1.86417772182544,4.77911513756217,2.04102728850236,1.04549424045967,887.380792528063,0.953058486708681
437,0.947298175910882,croot,1y,0.0036974038784552,2.02332128351922,5.44865035172504,2.14044124712929,1.05563382832279,728.614896638068,0.94421210944412
438,0.932420289873502,croot,1y,0.003523925678967,2.20359143875787,6.28526324401075,2.24984605959694,1.07247773440845,532.723664813143,0.929670931800014
439,0.913007394973284,croot,1y,0.0033042952955854,2.40488013266461,7.32091941716107,2.3678084809428,1.09528138052952,365.098002191013,0.9105768349592
440,0.892606223866736,croot,1y,0.0030316002351112,2.62053496614576,8.53982648612042,2.49122071267454,1.12031484126118,256.069236491759,0.890459576560184
441,0.870943254582862,croot,1y,0.0027180790924588,2.84872442592516,9.94432991194508,2.61890047637076,1.14818042936557,183.292836800234,0.869047958487379
442,0.847531000702015,croot,1y,0.0023772987439112,3.09020994422792,11.5560343971703,2.74944425089837,1.17989784346731,132.993383738623,0.845857634651665
443,0.8217149082569,croot,1y,0.0020232027408621,3.34713587909597,13.4134009724529,2.88031383522732,1.21696708913472,97.1119957156329,0.820236594076843
444,0.792686813254072,croot,1y,0.0016694893469613,3.62193263849758,15.568838110729,3.00648907562564,1.2615322764042,70.8978463243501,0.791377909930168
445,0.759529777900317,croot,1y,0.0013291768779283,3.91540370165125,18.0793193953745,3.11819697489814,1.3166040741213,51.4834754058084,0.758363873581895
446,0.721456742153829,croot,1y,0.0010142846245059,4.22168975796237,20.9702520428568,3.19712589880931,1.38608448929954,37.1096349784551,0.720403287086609
447,0.678803704904761,croot,1y,0.0007356099312507,4.51315176487263,24.1020370043604,3.21119002506728,1.47317993813882,26.7366877437535,0.677821193977634
448,0.636841059966036,croot,1y,0.0005026436504048,4.69392519904553,26.6983301659418,3.11254114663907,1.57025051125525,19.9710644260925,0.635859931105135
449,0.619051313290858,croot,1y,0.0003237126690825,4.48129769613175,25.9808530690427,2.86117225729328,1.61537497543464,17.7660399747173,0.617922651466342
450,0.691147407786614,croot,1y,0.0002057584006098,3.43027340254764,17.0275557734007,2.52179677677742,1.44686934904738,29.1542060667215,0.689525314935792
451,0.862622541170569,croot,1y,0.0001482867095546,2.32476966557371,7.318756166225,2.34175745397777,1.15925558662426,161.603927927538,0.860274735337885
452,0.922199598669946,croot,1y,0.0001294868318985,2.29478093849981,6.72933606156091,2.41035324824945,1.08436395053984,436.227682563019,0.919830469521766
453,0.903135061889528,croot,1y,0.0001200355836226,2.50099641441702,7.83220427073872,2.54920433414984,1.10725409985502,307.062451932809,0.901060776043762
454,0.882890708430672,croot,1y,0.0001089269414335,2.72098623664452,9.11376232031664,2.70022524338416,1.13264302189508,220.082182091136,0.881083400486362
455,0.861020808172984,croot,1y,9.66119222559208e-05,2.95567462453436,10.594491034017,2.86555604271686,1.16141211746313,159.76269682955,0.859455784066985
456,0.836864908086412,croot,1y,8.35663197572659e-05,3.20827346020362,12.3159473398784,3.0485086797207,1.19493599305844,116.619346263548,0.835520888237144
